date,day_of_week,article_count,prominence,dominant_topic,dominant_topic_share,example_titles
2024-11-22,Friday,50,49.0,Season Operations,0.5,Ohio State tops Auburn 2-1 in 2nd round of NCAA women's soccer tournament | Caitlin Clark joins Cincinnati ownership group in bid for NWSL team | Angel City F Claire Emslie agrees to new 2-year deal
2021-10-01,Friday,39,38.0,Players & Rapinoe Coverage,0.513,"Report: Former OL Reign Coach Farid Benstiti Subject of Verbal Abuse Allegations | Digest: NWSL calls off games, FIFA to investigate abuse claims | US Women's Soccer League Cancels Matches After Abuse Allegations"
2020-06-27,Saturday,31,30.0,Season Operations,0.548,"NWSL Challenge Cup: Game times, TV schedule for tournament in Utah | NWSL commissioner Lisa Baird focuses on safety, growing sport during Challenge Cup | NWSL Challenge Cup Preview: A closer look at all 8 teams"
2020-07-21,Tuesday,29,28.0,Season Operations,0.414,"NWSL News: How Natalie Portman, Serena Williams And NWSL LA Ownership Change The League | Hollywood A-listers unite for NWSL team in LA | Natalie Portman Heads Female-Led Investor Group Launching NWSL Franchise In Los Angeles"
2019-07-10,Wednesday,29,28.0,Season Operations,0.448,New York prepares for U.S. women's soccer parade | U.S. women's soccer team deserves more | Ticker-Tape Parade Will Honor U.S. Women's Soccer Team
2016-08-12,Friday,24,23.0,"Championships, Draft & Expansion",0.625,US Women's Soccer Team Ousted in Olympics | Rio Olympics: U.S. women's soccer team eliminated by Sweden after penalty kicks | USA women's soccer team knocked out of Olympics
2024-09-05,Thursday,23,22.0,Season Operations,0.826,"San Diego Wave soccer star Alex Morgan retiring after Sunday’s match | Alex Morgan, estrella del San Diego Wave, se retira del fútbol y anuncia que está embarazada | Magic Johnson buys a stake in the NWSL's Washington Spirit"
2022-10-03,Monday,22,21.0,Season Operations,0.591,"NWSL playoffs: Postseason matchups set as Chicago Red Stars clinch final spot | Angel City FC stumbles in season finale against Chicago | NWSL abuse was systemic, damning report says"
2020-05-27,Wednesday,22,21.0,Season Operations,0.864,"Orlando Pride see rookie Taylor Kornieck as key addition to attack | NWSL returning to play with summertime tournament in Utah | NWSL Returns To Action With 2020 Challenge Cup: How To Watch, What We Know"
2023-07-08,Saturday,22,21.0,Season Operations,0.591,"Portland Thorns vs. Gotham FC, 3 Points to watch: Replacement players, finishing chances, Mana Shim’s return to NWSL | US Soccer Icon Megan Rapinoe to Retire After 2023 Women's World Cup, NWSL Season | USWNT legend Megan Rapinoe to retire at end of NWSL season; 2023 World Cup will be her last"
2022-10-29,Saturday,19,18.0,"Championships, Draft & Expansion",0.789,"Former NWSL commissioner Jeff Plush resigns from role at USA Curling | NWSL commissioner Jessica Berman talks expansion, investigation and growth ahead of NWSL Championship | USA Curling CEO out in wake of NWSL inquiry"
2021-07-21,Wednesday,19,18.0,"Championships, Draft & Expansion",0.632,Women's soccer teams take a knee ahead of opening Olympic Games matches | Crusading US women's soccer players take a knee in another woke protest before opening Olympic contest — and lose for first time since January 2019 | U.S. Women's Soccer Team Took a Knee for BLM Before Olympic Game. They Then Lost to Sweden.
2024-08-22,Thursday,19,18.0,Season Operations,0.421,"Angel City captain Ali Riley (leg) officially out for season | NWSL-leading Pride resume regular season at Houston | NWSL, players have new CBA deal with big wage raises, no draft and other major gains for labor"
2023-11-10,Friday,19,18.0,"Championships, Draft & Expansion",0.421,"Rapinoe, Krieger wrap careers with NWSL title at stake | NWSL commissioner announces plans to add 16th team by 2026 | 'This league is strong.' Once struggling NWSL celebrates growth ahead of title match"
2024-07-17,Wednesday,19,18.0,Players & Rapinoe Coverage,0.474,Walt Disney CEO Bob Iger and journalist Willow Bay to become Angel City FC's new owners | Bob Iger and wife Willow Bay will be Angel City FC controlling owners | Walt Disney CEO Bob Iger and journalist Willow Bay to become Angel City FC’s new owners
2016-08-03,Wednesday,18,17.0,"Championships, Draft & Expansion",0.722,Orlando Pride defender Josée Bélanger living her passion at 2016 Rio Olympics | U.S. women's soccer beats New Zealand in debut at Rio Games | U.S. women's soccer wins Olympics opener
2015-07-10,Friday,18,17.0,Season Operations,0.778,Parade Celebrates U.S. Women's Soccer World Cup Win | US Women's Soccer Team Celebrates in NYC | Fans Gather In New York City To Honor U.S. Women's Soccer Team
2016-03-31,Thursday,18,17.0,Players & Rapinoe Coverage,0.611,"Sports briefly: Women's soccer stars sue over gender pay gap | From NFL to women's soccer, lawyer is thorn in side of sports leagues | U.S. women's soccer stars call for equal pay"
2015-10-27,Tuesday,17,16.0,Season Operations,0.5,"Abby Wambach, U.S. Women's Soccer Star, Retires | Obama honors U.S. women's soccer team for World Cup win | Obama honors US women's soccer team for World Cup victory"
2019-07-08,Monday,24,15.0,Season Operations,0.583,"Women's soccer: How to keep watching now that the World Cup is over | 20 Records Set at Women's Soccer World Cup, Bumble's Sexism Problem, The First Viking Boat Grave In 50 Years | US women's soccer player drops American flag between legs and dances to celebrate World Cup title. Benghazi hero is not pleased."
2024-07-26,Friday,16,15.0,Season Operations,0.75,"Angel City blanks Bay FC in Summer Cup match | Gotham signs Whitham, 13, youngest in NWSL | Canada women's soccer coach suspended over drone scandal, which may be part of 'systemic' issues"
2023-01-12,Thursday,16,15.0,"Championships, Draft & Expansion",0.75,"NWSL Draft: What to know about high school phenom Alyssa Thompson, the likely No. 1 overall pick by Angel City | 2023 NWSL Draft: Portland Thorns make their picks, live updates, how to watch | High school student Thompson selected first in NWSL draft"
2021-10-07,Thursday,19,14.0,Players & Rapinoe Coverage,0.737,NWSL players pause games in protest over Paul Riley allegations | Women's soccer players hold mid-match protest after abuse allegations: 'We will not be silent' | NWSL players look to reclaim sport after scandals
2023-03-24,Friday,15,14.0,Season Operations,0.933,"NWSL season preview 2023: Seb Hines prepared to lead an enlivened Orlando Pride | How NWSL Plans To Maximize Growth In 2023 Season, A World Cup Year | NWSL Season Preview 2023: Opening weekend matchups"
2017-05-13,Saturday,15,14.0,Season Operations,0.733,Xavier hires UC's Nate Lie to head women's soccer | Mallory Pugh joins Washington Spirit to pursue professional soccer career | UCLA forward Mallory Pugh joins the Washington Spirit
2020-06-22,Monday,21,14.0,Season Operations,1.0,"Carli Lloyd joins Megan Rapinoe, Alex Morgan in missing NWSL soccer tournament | NWSL eliminates extra time, offers international player exceptions for Challenge Cup | Liverpool Can Win Premier League, Bundesliga Finales, NWSL and More to Watch"
2019-10-27,Sunday,14,13.0,Season Operations,0.571,Looming storm could cloud NWSL's day in the sun | The Chicago Red Stars are playing in the NWSL final today. Here are 3 things to know about their match against the defending champs. | Courage crush Red Stars to claim NWSL title
2024-03-15,Friday,14,13.0,Season Operations,0.786,"2024 Orlando Pride roster | Klarna and Angel City Football Club to reserve seats in BMO Stadium for youth soccer players throughout the 2024 NWSL season, making the fan experience more accessible | Angel City FC season preview: Aiming to become contenders"
2021-08-02,Monday,14,13.0,"Championships, Draft & Expansion",0.571,"Tokyo Olympics: Canada and Sweden advance to women's soccer gold medal match, USA and Australia for bronze | Olympic women's soccer: USA vs. Canada | USA women's soccer loses to Canada in Olympic semifinals"
2017-01-12,Thursday,14,13.0,"Championships, Draft & Expansion",0.857,"NWSL draft 2017 live stream: Start time and how to watch online | Local soccer prospects to watch at MLS, NWSL drafts | Pride happy with two late-round picks in NWSL draft"
2021-11-20,Saturday,14,13.0,"Championships, Draft & Expansion",0.643,"NWSL championship: Washington Spirit beat Chicago Red Stars for title | Cincinnati product Aubrey Bledsoe, Washington Spirit claim NWSL championship | Spirit wins NWSL title 2-1 in extra time over Red Stars"
2024-08-10,Saturday,14,12.0,"Championships, Draft & Expansion",0.857,"U.S. women's soccer shuts out Brazil, wins first Olympic gold since 2012 | LI's Dunn, U.S. women's soccer strike gold at Paris Olympics | Paris Olympics Day 15: US wins gold in men's basketball and women's soccer, adds 3 golds in track"
2024-10-15,Tuesday,13,12.0,Season Operations,0.615,"Merritt Mathias will retire as a truly authentic NWSL original | Angel City FC disputes part of NWSL sanctions, argues team did not exceed salary cap | Led by Izzy D’Aquila, Portland Thorns advance to Champions Cup semifinal"
2024-07-03,Wednesday,13,12.0,Season Operations,0.615,"Disney CEO Bob Iger, wife Willow Bay on verge of purchasing controlling stake in NWSL's Angel City FC: reports | Newly built CPKC Stadium of the KC Current to host NWSL championship game in November | Source: Iger, Bay near deal for Angel City FC"
2016-09-08,Thursday,13,12.0,Players & Rapinoe Coverage,0.769,Washington Spirit play national anthem early so Megan Rapinoe can't 'hijack' it | Screamer Grandstanding NWSL Owner Plays National Anthem Early To Avoid Megan Rapinoe’s Protest [Upda | Washington Spirit Plays National Anthem Early to Prevent Protest From Megan Rapinoe
2023-04-04,Tuesday,14,11.0,Season Operations,0.5,Women's soccer expands into the Bay Area with a new team and record investment | Women’s pro soccer to return to Bay Area as NWSL awards team to star-studded bid | NWSL schedule: 3 storylines heading into the international break
2021-01-13,Wednesday,11,10.0,"Championships, Draft & Expansion",0.818,"Lisa Baird addresses big NWSL changes ahead of draft | Dennis Rodman's Daughter, Trinity, Enters NWSL Draft, Expected 1st-Round Pick! | NWSL 2021 Draft preview: College draft live stream, rules, watch online, news"
2022-05-18,Wednesday,11,10.0,Players & Rapinoe Coverage,0.545,US men's and women's soccer teams agree to equalized compensation in historic deal | The U.S. men's and women's soccer teams will be paid equally under a new deal | US women's soccer team to earn equal pay in landmark deal
2024-12-17,Tuesday,11,10.0,Season Operations,0.727,"Angel City FC sign F Julie Dufour to 3-year deal | Report: NWSL, Denver group enter exclusive franchise negotiations | Coachella Valley Invitational will include 14 MLS and 6 NWSL clubs"
2024-03-27,Wednesday,11,10.0,Season Operations,0.909,"USWNT star Sophia Smith signs contract extension with Portland for NWSL-high annual salary | Purce out for Olympics, NWSL season with ACL | Sophia Smith signs contract extension with Portland for highest annual NWSL salary"
2021-05-17,Monday,11,10.0,Season Operations,0.818,An own goal is just the start of the Chicago Red Stars’ troubles in a 5-0 loss to the Portland Thorns in their regular-season opener | Alex Morgan powers Orlando Pride comeback in home opener draw against Washington Spirit | 3 things we learned from the Orlando Pride’s 1-1 draw against the Washington Spirit
2018-03-23,Friday,11,10.0,Season Operations,0.909,"A year after finishing last, Washington Spirit enters NWSL season following a world-class roster overhaul | NWSL opening sixth season on Saturday | Orlando Pride set NWSL championship expectations"
2021-08-06,Friday,11,10.0,"Championships, Draft & Expansion",0.636,"NWSL TV schedule, live stream: What to know as Olympic stretch for women's soccer comes to a close | Tokyo Olympics: Canada edge Sweden to win women's soccer gold medal in dramatic penalty-kick shootout | NWSL picks, odds, Paramount+ streaming: Gotham FC vs. Courage predictions for Aug. 7 from proven soccer expert"
2024-07-31,Wednesday,13,10.0,"Championships, Draft & Expansion",0.769,"Olympic women's soccer standings: Updated scores, results from 2024 Paris football tournament | Canada women's soccer team reaches Olympics QF despite points deduction from drone-spying scandal | USWNT vs. Australia score, result, highlights as Rodman, Albert send USA women's soccer to Olympic quarterfinals"
2022-02-02,Wednesday,10,9.0,Season Operations,0.6,NWSL board OKs new landmark labor deal | Soccer: Trinity Rodman becomes NWSL's highest-paid player with $1.1M deal | OL Reign leadership changing as founders Teresa and Bill Predmore step down
2024-01-13,Saturday,10,9.0,"Championships, Draft & Expansion",0.9,Ally Sentnor ready to embrace the pressure of being No. 1 NWSL draft pick | Ally Sentnor of North Carolina is top pick in NWSL draft. Teammate Savy King chosen second | Angel City FC adds depth with 3 late NWSL draft picks
2022-10-11,Tuesday,10,9.0,Season Operations,0.5,"Orlando Pride coaches Amanda Cromwell, Sam Greene terminated by NWSL following investigation | Soccer newsletter: Uncovering NWSL scandal doesn't happen without women in charge | Orlando Pride head coach and assistant coach fired after investigation into alleged misconduct"
2023-10-15,Sunday,10,9.0,Season Operations,0.6,"Portland Thorns squander NWSL shield, lose 5-1 on road at Angel City FC | Marta’s penalty kick delivers win but Pride fall short of NWSL playoffs | Tom Krasovic: Wave secure NWSL regular-season title with an assist from their top leaders"
2016-06-03,Friday,10,9.0,Season Operations,0.7,Judge: US women's soccer team has no right to strike | U.S. Women's Soccer: Ohio's Rose Lavelle practices for the future | Judge: U.S. women's soccer team bound by no-strike clause
2023-04-19,Wednesday,10,9.0,Season Operations,0.8,"2023 NWSL Challenge Cup: Live stream, schedule, how to watch on TV and online, start time, what to watch | Angel City Football Club facing off against team of inmates in support of lower recidivism rates | NWSL Challenge Cup kickoff: Top 3 matches to watch"
2023-10-19,Thursday,10,9.0,Players & Rapinoe Coverage,0.5,"Lynn Williams, new-look Gotham FC aim to play their game in NWSL playoff clash against North Carolina Courage | OL Reign vs Angel City FC live stream: How to watch NWSL Playoffs, odds, prediction, players to watch | Angel City's surprise NWSL playoff run comes in star-making turn from interim coach Becki Tweed"
2023-06-28,Wednesday,10,9.0,Season Operations,0.5,"Portland Thorns vs. OL Reign picks, how to watch, stream: 2023 NWSL Challenge Cup predictions | ESPYS to honor US women's soccer team, ChiSox's Hendriks and the Buffalo Bills training staff | Bay FC will select first in expansion draft as NWSL sets roster rules for new clubs"
2024-01-25,Thursday,10,9.0,Season Operations,0.8,Pride bring aboard free-agent forward from Angel City | Pride will open 2024 NWSL season at Racing Louisville | Angel City FC to face Bay FC in season opener on March 16
2022-12-14,Wednesday,10,9.0,Season Operations,0.6,Takeaways From The NWSL/NWSLPA Joint Investigative Report | NWSL and NWSLPA issue joint investigation report: 'Our league systemically failed to protect our players' | NWSL Investigation: 'Ongoing Misconduct' Identified at 'More Than Half' of Clubs
2018-01-18,Thursday,9,8.0,"Championships, Draft & Expansion",0.889,"NWSL draft results: All the picks from all 4 rounds | Spirit take Andi Sullivan first overall, big trades highlight NWSL Draft | Orlando Pride expected to remain relatively quiet during today's NWSL draft"
2021-08-23,Monday,9,8.0,Season Operations,0.889,"Angel City names Freya Coombe as coach | Angel City acquires Press, hires Coombe for first season | USWNT star Christen Press, coach Freya Coombe join NWSL expansion club Angel City FC"
2017-03-01,Wednesday,9,8.0,Season Operations,1.0,Orlando Pride 2017 NWSL schedule featuring late-season home games released | Tibet Women's Soccer Team Denied US Travel Visas | Tibet women's soccer team denied US travel visas for Texas tournament
2017-02-02,Thursday,9,8.0,Season Operations,0.889,"NWSL matches will be shown on Lifetime each Saturday | Lifetime to broadcast weekly NWSL matches as part of A+E investment | NWSL enters agreement with A+E Networks, which will broadcast matches on Lifetime"
2021-07-23,Friday,9,8.0,Players & Rapinoe Coverage,0.333,U.S. Women's Soccer Team Appeals Dismissal of 'Equal Pay' Lawsuit | U.S. Women's Soccer Players File Appeal to Overturn 2020 Equal Pay Lawsuit | U.S. women's soccer team asks for reinstatement of equal pay lawsuit after judge tossed it
2024-05-23,Thursday,9,8.0,Season Operations,0.778,"NWSL's Portland Thorns add investors, including Columbia Sportswear's Tim Boyle | Angel City FC and San Diego Wave FC play to a scoreless draw | Pride clash with Thorns in a marquee matchup of NWSL titans"
2023-06-01,Thursday,9,8.0,Season Operations,0.778,"Portland Thorns veteran Meghan Klingenberg to co-host podcast series for NBC | New San Francisco NWSL team will be called Bay FC | Angel City signs French star Amandine Henry, bolstering the club's roster"
2023-09-14,Thursday,9,8.0,Season Operations,0.667,"Spain's women's soccer league players call off strike after reaching a deal for higher minimum wage | Spain's women's soccer players call off strike after reaching deal for higher minimum wage | Racing Louisville vs. Houston Dash live stream: How to watch NWSL, storylines, start time, odds"
2023-07-21,Friday,9,8.0,Season Operations,0.667,"Breaking down the upcoming U.S. women's soccer team match at the Women's World Cup | USA women's soccer World Cup history: How USWNT has fared in FIFA tournament | Who is USA women's soccer coach Vlatko Andonovski? Record, history of USWNT manager at Women's World Cup 2023"
2023-10-06,Friday,9,8.0,Players & Rapinoe Coverage,0.333,"Megan Rapinoe prepares for OL Reign sendoff amid NWSL playoff chase: 'These are big, important games for us' | Megan Rapinoe honored by OL Reign in front of record NWSL crowd | Spirit plays OL Reign to scoreless draw in Megan Rapinoe’s home farewell"
2022-12-01,Thursday,9,8.0,Season Operations,0.444,"Sources: Bid to be submitted for NWSL's Thorns | Merritt Paulson to sell Portland Thorns, maintain ownership of Portland Timbers | Two NWSL teams put up for sale: Portland Thorns and Chicago Red Stars begin process to sell majority stakes"
2023-01-24,Tuesday,9,8.0,Season Operations,0.667,"Portland Thorns fire head athletic trainer, assistant coach following NWSL investigations into misconduct | After NWSL investigation, Portland Thorns fire coach, trainer | Portland Thorns fire coach, trainer after NWSL investigation"
2021-04-27,Tuesday,9,8.0,Season Operations,0.889,"Kansas City NWSL Kicks Off Home Opener by Demanding Justice for Daunte Wright | NWSL Challenge Cup: Four takeaways from Louisville-North Carolina, Houston-Kansas City | Orlando Pride announce 2021 regular season schedule"
2015-09-30,Wednesday,9,8.0,Season Operations,0.556,"Delaney Archibald, Butler women's soccer manager | Nike re-ups women's soccer sponsorship | NWSL: Mark Parsons set for Portland job after leaving Washington Spirit"
2023-06-15,Thursday,9,8.0,Season Operations,0.778,NWSL's Angel City fires coach Freya Coombe midway through 2nd season | Angel City fires coach midway through season | Angel City FC replaces coach Freya Coombe after slow start to second season
2023-11-06,Monday,9,8.0,Season Operations,0.556,"Sports on TV, Nov. 6-12: NFL, NBA, NHL, EPL, MLS playoffs, NWSL final, college football, basketball and more | NWSL final set as Reign and Gotham advance; AC Milan host PSG at San Siro to headline Champions League action | Reign and Rapinoe, Gotham and Krieger advance to NWSL championship game before retiring"
2024-11-07,Thursday,13,8.0,Players & Rapinoe Coverage,0.615,"NWSL Playoffs: Temwa Chawinga and Barbra Banda help league go global, stay competitive in women's soccer | Kansas City Current pursue NWSL Playoffs glory behind Temwa Chawinga as league's top scorer manages injury | 2024 NWSL Playoffs: Who do Gotham FC face in the NWSL playoffs and what is their playoff record?"
2024-09-23,Monday,11,8.0,Season Operations,0.636,"Portland Thorns snap losing streak with draw at Angel City | Angel City FC forced to settle for draw against Portland | As he welcomes Gotham FC, Biden says ""a woman can do anything a man can do,"" including be president"
2024-06-26,Wednesday,9,8.0,Season Operations,0.778,"Alex Morgan left off U.S. women's soccer team's Olympic roster, likely ending international run | 'It’s not fair.' Doug Emhoff visits Angel City to discuss fighting gender equity gap | Alex Morgan Left Off U.S. Women's Soccer Team Olympic Roster"
2021-06-08,Tuesday,8,7.0,"Championships, Draft & Expansion",0.5,Jill Ellis to lead NWSL expansion team in San Diego | NWSL announces new expansion franchise in San Diego; Jill Ellis to lead | NWSL adds San Diego as expansion team led by Jill Ellis
2021-06-30,Wednesday,8,7.0,Season Operations,0.75,"15-year-old phenom Moultrie signs with Portland Thorns | Olivia Moultrie, 15-year-old soccer phenom, signs with Portland Thorns | LOOK: Angel City FC unveils crest for inaugural 2022 NWSL season"
2020-08-25,Tuesday,8,7.0,Season Operations,0.875,"From rival high schools to pro soccer, Spalding’s Nairn and McDonogh’s Andrzejewski find common ground for Houston Dash | NWSL announces plans for Fall Series in September and October on CBS | NWSL will begin playing in home markets next week"
2021-10-29,Friday,8,7.0,Players & Rapinoe Coverage,0.75,NWSL agrees to demands from players union after sexual misconduct scandal | NWSL players express confidence after league meets all demands in abuse investigations | Source: NWSL's Spirit exec Best latest to resign
2023-08-06,Sunday,8,7.0,Season Operations,0.75,"What next for USWNT after World Cup? Changes coming to USA women's soccer team as aging stars ponder retirement | Scarlett Camberos anota primer gol con Angel City, que es eliminado de la Challenge Cup | US women's soccer team eliminated from World Cup in shootout loss to Sweden — and many folks couldn't be happier about it"
2020-12-07,Monday,8,7.0,Season Operations,0.625,"KC gets NWSL expansion team; Mahomes' fiancée part of ownership group | Brittany Matthews, Patrick Mahomes' Fiancee, Buys Ownership Stake in NWSL Team | Patrick Mahomes’ Fiancee Brittany Matthews Buys Stake In Pro Women's Soccer Team"
2019-03-08,Friday,8,7.0,Players & Rapinoe Coverage,0.5,"Top Women's Soccer Players Sue U.S. Soccer for Gender Discrimination | U.S. women's soccer players file gender discrimination lawsuit against U.S. Soccer Federation | All 28 players on U.S. Women's Soccer team sue U.S. Soccer for allegedly violating equal pay, civil rights laws"
2022-03-09,Wednesday,8,7.0,"Championships, Draft & Expansion",0.75,"New National Women's Soccer League commissioner revealed | Berman named new NWSL commissioner | Jessica Berman named new National Women's Soccer League commissioner: ""These women are icons"""
2016-04-23,Saturday,8,7.0,Season Operations,0.714,"Carli Lloyd leaves Houston Dash match with injured right knee | NWSL Week 2 preview: Over 20,000 will watch Orlando Pride on Saturday, but how many will stay? | Orlando Pride aim to put on a good show — especially for young fans"
2013-11-10,Sunday,8,7.0,Season Operations,0.5,"Local sports digest: No. 8 Cal women's soccer team walks away with 1-1 draw against USC to stay unbeaten | Local sports digest: No. 8 Cal gets draw against USC in women's soccer to stay unbeaten. | Grand Valley State women's soccer downs Michigan Tech, 2-0, captures seventh straight GLIAC Tournament title"
2017-04-07,Friday,8,7.0,Season Operations,0.75,"England vs. Italy Women's Soccer: Date, Time, Live Stream for 2017 Friendly | NWSL's Orlando Pride sign Brazilian star Marta | England Women's Soccer Misses String of Late Chances to Draw with Italy"
2015-10-21,Wednesday,8,7.0,Season Operations,0.5,"Michigan State women's soccer blanked by Maryland | Report: Orlando Pride finalizing deal for U.S. star Alex Morgan | USA vs. Brazil Women's Soccer: Date, Time, Live Stream, 2015 Friendly Preview"
2016-05-10,Tuesday,8,7.0,Season Operations,1.0,"Michigan State women's soccer blanked by Maryland | Where, when U.S. women's soccer team hits town this week | Metro & state: EMU women's soccer ties, volleyball wins twice"
2023-08-15,Tuesday,8,7.0,Season Operations,0.75,"'It's rooting against America': Clinton on Trump bashing US women's soccer and American institutions | The Sports Report: NWSL, U.S. women's soccer team are struggling to keep up with the world | LIRR's 20-ticket discount, U.S. women's soccer team, and a Hawaii cartoon"
2021-01-28,Thursday,8,7.0,Season Operations,0.625,"Naomi Osaka: Three-time grand slam champion invests in NWSL team North Carolina Courage | Naomi Osaka buys ownership stake in NWSL's North Carolina Courage | Naomi Osaka joins North Carolina Courage ownership group, becomes latest high-profile star to invest in NWSL"
2023-09-01,Friday,8,7.0,Season Operations,0.75,"Why Laura Ricketts jumped at the ‘opportunity to have a culture change, to really write a new chapter’ as owner of the Chicago Red Stars | Portland Thorns vs. Racing Louisville FC, 3 Points to watch: Replacing Sophia Smith, availability report, defensive shape | Chicago Red Stars: Why Laura Ricketts bought NWSL team"
2024-10-07,Monday,10,7.0,Season Operations,0.4,"Orlando’s long road to the NWSL Shield. Plus, Temwa Chawinga keeps it rolling | Can Anyone Spoil Orlando Pride’s Perfect NWSL Season? | Temwa Chawinga strikes again to equal the all-time NWSL record for most goals in a season"
2015-07-06,Monday,14,7.0,Season Operations,0.929,"Obama congratulates U.S. women's soccer team on World Cup win | Chicago Red Stars will honor their 8 World Cup players | Carli Lloyd, U.S. women's soccer team the toast of Internet memes"
2024-05-02,Thursday,8,7.0,Season Operations,0.75,"USWNT great, Gotham FC’s Kelley O’Hara retiring at end of season | O'Hara plans to retire at the end of the NWSL season | USWNT defender Kelley O'Hara plans to retire from soccer at the end of NWSL season"
2022-02-22,Tuesday,8,7.0,Players & Rapinoe Coverage,0.75,US Women's Soccer Reaches Landmark $24 Mn Settlement In Equal Pay Dispute | U.S. women's soccer players celebrate $24 million equal pay settlement: 'A monumental step forward' | Lack of accountability among NWSL owners makes you wonder: Why should players believe it's changing?
2022-04-27,Wednesday,8,7.0,Season Operations,0.625,Florida Women's Soccer Coach Tony Amato Fired After Player Complaints About Behavior | Houston Dash suspends head coach amid harassment investigation | NWSL commissioner: Suspension a sign new protections working
2024-11-19,Tuesday,12,7.0,Players & Rapinoe Coverage,0.75,"Spirit's Croix Bethune named NWSL Rookie of Year | Washington Spirit owner makes huge donation to girl's and women's soccer | Women's soccer stars announce pregnancy, team makes statement on alleged 'abuse' to them days later"
2024-11-01,Friday,9,7.0,Season Operations,0.556,Angel City falls to Portland in Christine Sinclair's final regular-season match | Angel City FC gets shut out in season finale in Portland | How Bay FC recovered from a brutal start to their expansion season as they target NWSL playoff history
2020-07-26,Sunday,9,7.0,Season Operations,0.889,"NWSL Challenge Cup results: Full list of scores as Houston Dash win Utah tournament | Orlando Pride Team News | NWSL Challenge Cup on CBS All Access: How to watch, live stream every tournament game"
2024-11-15,Friday,12,7.0,Season Operations,0.667,"Arsenal FC Eyeing 80,000 Seats, Does NWSL Need a Caitlin Clark? | Chawinga available as KC seeks NWSL final berth | San Diego Wave and Alex Morgan top list of best-selling jerseys in NWSL"
2014-08-31,Sunday,7,6.0,"Championships, Draft & Expansion",0.571,"FC Kansas City wins NWSL title over Seattle, 2-1 | TUKWILA, Wash.: FC Kansas City wins NWSL title over Seattle, 2-1 | Poll: Will you watch the NWSL championship match or WNBA playoffs?"
2022-08-23,Tuesday,7,6.0,Season Operations,1.0,Audi Field to host NWSL championship game in prime time | 2022 NWSL Championship: Washington Spirit's Audi Field to host the league's first prime-time final | NWSL final to be televised nationally during prime time
2015-09-16,Wednesday,7,6.0,Season Operations,0.714,SDSU hosts USD in women's soccer | Iranian Women's Soccer Captain Will Miss Asian Cup After Husband Takes Passport | Reports: Iran women's soccer captain barred from tournament by husband
2021-06-18,Friday,7,6.0,Season Operations,0.714,Courage's Carson Pickett opens up about her first season in North Carolina ahead of big clash vs. OL Reign | USWNT's Alex Morgan reveals why ahead the Olympics playing NWSL soccer 'has been even more important' | Court ruling allows 15-year-old Olivia Moultrie to sign with NWSL
2020-09-26,Saturday,7,6.0,Season Operations,0.714,"Orlando Pride forward Kristen Edmonds opts out of Houston match | Spirit, Red Stars play to 1-1 draw in NWSL fall series | Chicago Red Stars are forced to settle for a 1-1 draw with the Washington Spirit after conceding a late goal"
2024-04-15,Monday,7,6.0,"Championships, Draft & Expansion",0.571,Expansion club Bay FC edges Seattle Reign for first home win in NWSL | NWSL Week 4 Power Rankings: North Carolina Courage at No. 1; Sanchez trade request spells problems for Houston | NWSL Power Rankings: KC stays unbeaten as Marta helps Pride soar
2023-12-15,Friday,7,6.0,"Championships, Draft & Expansion",0.429,"Bay FC adds five players, including its first goalkeeper, in NWSL expansion draft | World Cup-winning Spain earns top spot in women's soccer rankings | Source: Giráldez to leave Barça amid NWSL link"
2016-01-15,Friday,7,6.0,"Championships, Draft & Expansion",0.429,Local sports digest: Cal's Sam Witteman taken 10th overall in National Women's Soccer League draft | ASU's Farquharson picked 12th overall in NWSL draft | Florida State defender Carson Pickett headlines Seattle Reign 2016 NWSL Draft class
2015-12-07,Monday,7,6.0,"Championships, Draft & Expansion",0.571,"With third straight national title, how does Grand Valley women's soccer team do it? | Spring Arbor women's soccer wins first NAIA national championship | Jackson Lumen Christi graduate Paige Pryson wins second national title with Grand Valley State women's soccer"
2020-02-27,Thursday,7,6.0,"Championships, Draft & Expansion",0.857,US Olympic marketing chief Lisa Baird is NWSL commissioner | NWSL News: Lisa Baird Hired As New Commissioner | US Olympic Marketing Chief Lisa Baird Is NWSL Commissioner
2019-07-30,Tuesday,7,6.0,Season Operations,0.714,Jill Ellis Is Stepping Down As U.S. Women's Soccer Coach | Jill Ellis to step down as U.S. women's soccer coach | Williams College women's soccer coach Michelyne Pinard stepping down following 2019 season
2019-06-12,Wednesday,7,6.0,Season Operations,0.571,Katie Pavlich on US Women's soccer controversy: 'This is the big leagues | Canadian broadcaster says she received death threats over US women's soccer criticism | US Women's soccer star keeps promise to ignore national anthem as an 'f-you' to President Trump
2017-09-02,Saturday,7,6.0,"Championships, Draft & Expansion",0.571,Hope women's soccer doubles up Milwaukee School of Engineering | Albion women's soccer stopped at home | Calvin women's soccer sinks Lake Forest
2024-12-05,Thursday,7,6.0,Season Operations,0.571,How to watch the 2024 NCAA women's soccer championship | Angela Hucles Mangano out as Angel City FC general manager | Angel City FC parts ways with general manager 2 months after NWSL sanctioned club
2015-11-03,Tuesday,7,6.0,"Championships, Draft & Expansion",0.571,"Calvin, Hope women's soccer play to 0-0 draw for a second time | Calvin's Paige Capel named MIAA Offensive Player of Week in women's soccer | Cornerstone's Kerri Hoffman named First Team All-WHAC in women's soccer"
2024-10-23,Wednesday,7,6.0,Season Operations,0.857,"Chicago Red Stars unveil new name, logo | Chicago Red Stars getting new name, will be known as Chicago Stars Football Club | Chicago Red Stars to change name and branding to Chicago Stars FC for the 2025 NWSL season"
2014-10-01,Wednesday,7,6.0,Season Operations,0.714,US women's soccer to play in tournament in Brazil | Aquinas women's soccer draws against Concordia | Aquinas women's soccer receiving votes in latest poll
2019-06-28,Friday,8,6.0,Players & Rapinoe Coverage,0.429,USWNT player salaries: USA women's soccer pay vs. men's team during World Cups | How To Help US Women's Soccer & Other Sports Teams Close The Gender Pay Gap | U.S. Women's soccer fans are chanting 'equal pay' ahead of quarterfinal match against France
2021-12-13,Monday,7,6.0,Season Operations,1.0,"Alex Morgan leaving Orlando Pride, heading to NWSL team in San Diego | Alex Morgan heads home to California with NWSL’s Wave | San Diego Wave FC signs USWNT's Morgan"
2014-09-06,Saturday,7,6.0,Season Operations,0.429,Top-ranked GVSU women's soccer routs No. 13 Quincy 4-0 to open Hosler era | Kalamazoo College women's soccer victorious over Transylvania | Aquinas women's soccer falls short in OT
2020-01-07,Tuesday,7,6.0,Season Operations,0.714,NWSL president Amanda Duffy steps down to join Orlando Pride front office | Kealia Ohai's fiance lambasted a news outlet for referring to the NWSL forward as 'J.J. Watt's fiancee' in a headline | Rachel Daly re-signs with Houston Dash
2020-01-16,Thursday,7,6.0,"Championships, Draft & Expansion",1.0,"Sophia Smith, Fossil Ridge graduate, selected No. 1 overall in NWSL draft | CU Buffs’ Taylor Kornieck selected with No. 3 overall pick in NWSL draft | 2020 NWSL Draft: Trades Dominate First Round, Sophia Smith Top Overall Pick"
2021-04-14,Wednesday,7,6.0,Players & Rapinoe Coverage,0.571,Former Orlando Pride forward Kristen Edmonds suspended 2 games for Portland altercation | Racing Louisville player suspended by NWSL for tackle on Orlando Pride’s Ali Riley | NWSL to investigate player's discrimination claim against security guard
2013-08-31,Saturday,7,6.0,Season Operations,0.571,Calvin women's soccer opens season with 5-0 win over Montreat College | Kalamazoo College women's soccer falls in season opener at Ohio Northern | Kalamazoo College women's soccer wins 4-0 at Heidelberg
2024-12-09,Monday,8,6.0,Season Operations,0.75,Angel City FC part ways with head coach Becki Tweed | U.S. women's soccer team set to face Brazil at SoFi Stadium | Angel City fires coach Becki Tweed amid reboot of franchise
2016-10-22,Saturday,7,6.0,Season Operations,0.857,"U.S. women's soccer vs. Switzerland game preview | Record crowd of 21,000 expected for U.S.-Switzerland women's soccer match at U.S. Bank Stadium | Appeal of women's soccer growing, FIFA chief says in Jordan"
2020-06-01,Monday,7,6.0,Season Operations,1.0,"Courage-Thorns to kick off NWSL June 27 return | The NWSL returns in June with a 25-game tournament. Here’s what that means for Chicago Red Stars players, coaches and fans. | NWSL sets Challenge Cup schedule, marking first return of U.S. team sports"
2024-09-09,Monday,10,6.0,Season Operations,0.8,"Alex Morgan’s emotional sendoff. Plus, is Trinity Rodman NWSL’s coolest player? | USWNT legend Alex Morgan says goodbye in an eventful 13 minute cameo sendoff for San Diego Wave FC | Sports on TV, Sept. 9-15: MLB, WNBA, EPL, MLS, NWSL, NFL, college football, golf and more"
2022-10-17,Monday,8,6.0,Season Operations,0.625,"New NWSL Playoff Attendance Record Set Twice In One Night | Chicago Red Stars lose 2-1 to the San Diego Wave in the NWSL playoffs | Sports on TV, October 17-23: MLB postseason, NFL, NBA, NHL, EPL, MLS Cup and NWSL playoffs, college football and more"
2021-06-14,Monday,7,6.0,Season Operations,0.714,"Women's soccer comes to Minnesota with 'pre-professional' team | Orlando Pride rookie Taylor Kornieck steps up into crucial role | NWSL 2021: Schedule, live stream, TV, NWSL regular season continues with week 5 action"
2024-08-06,Tuesday,10,6.0,"Championships, Draft & Expansion",0.6,"Olympic women's soccer top goal scorer: All three USWNT stars Smith, Rodman, Swanson chasing Golden Boot | U.S. women's soccer team to play Brazil for Olympic gold medal | U.S. women's soccer team beats Germany, earns spot in Olympic gold medal match"
2023-11-15,Wednesday,8,6.0,"Championships, Draft & Expansion",0.5,NWSL expansion Utah Royals trade for former BYU star Mikayla Cluff | Alex Loera traded to Bay FC as NWSL expansion team's first player | NWSL expansion side Bay FC announce Alex Loera as first-ever player after trade with Kansas City Current
2023-05-16,Tuesday,8,6.0,Season Operations,0.875,'Angel City' follows Natalie Portman and her founding of an NWSL team | Madison to get top-tier professional women's soccer team in new league | New professional women's soccer league to launch in US in 2024
2015-08-18,Tuesday,6,5.0,Season Operations,0.5,"Alex Morgan blasts the NWSL for bed bug-filled hotels | Portland to host NWSL championship match | Alex Morgan calls out NWSL for bed bugs during recent Portland Thorns road trip, league reacts"
2014-10-08,Wednesday,6,5.0,Season Operations,0.667,Trinidad and Tobago women's soccer coach begs for help to feed his team as it stops in Dallas | NBC Special Report: Women's Soccer Team Parade | Trinidad And Tobago Women's Soccer Team Could Use Help With Meal Money
2020-08-16,Sunday,6,5.0,"Championships, Draft & Expansion",0.833,USA star Rose Lavelle acquired by OL Reign ahead of expected move abroad | OL Reign add star midfielder Rose Lavelle in trade | Rose Lavelle traded to OL Reign; USWNT star reportedly expected to leave NWSL for Manchester City
2021-07-10,Saturday,6,5.0,Season Operations,0.833,Sydney Leroux powers Orlando Pride to last-minute comeback in Louisville draw | Sydney Leroux remains key to Orlando Pride attack | NZ coach: 'Outrageous' NWSL keeping 2 players
2021-07-06,Tuesday,6,5.0,Players & Rapinoe Coverage,0.5,"No, U.S. women's soccer players didn't turn their back on a WWII veteran playing the national anthem | Far right media attacks US women's soccer team over false claiming they dishonored WWII vet playing National Anthem | CBS Sports launches Attacking Third podcast to cover women's soccer, USWNT, NWSL and more"
2023-12-20,Wednesday,6,5.0,Season Operations,0.667,"Lorne Donaldson, who coached Jamaica to the World Cup round of 16, is the new Chicago Red Stars coach | Real Colorado’s Lorne Donaldson named head coach of Chicago Red Stars, reuniting with area players | Angel City FC, Sarah Gorden agree to new 3-year deal"
2024-06-20,Thursday,6,5.0,Players & Rapinoe Coverage,0.333,"Bill Oram: Sophia Smith is the NWSL’s best player. Why did the league try so hard to keep her off the field? | Swanson: Angel City FC is teeming with teens, and it’s going to pay off"
2020-09-04,Friday,6,5.0,Season Operations,0.667,"Orlando Pride star Alex Morgan hopes to play NWSL Fall Series | Here's why every NWSL team will be playing for local businesses during the Fall Series | Report: J.J. Watt Interested in Buying MLS' Real Salt Lake, NWSL's Utah Royals"
2013-08-23,Friday,6,5.0,Season Operations,0.667,"NORMAN, Okla.: Oklahoma women's soccer opens 2013 in Tennessee | Arkansas hosts Kansas to open 2013 women's soccer | FAYETTEVILLE, Ark.: Arkansas hosts Kansas to open 2013 women's soccer"
2023-04-22,Saturday,6,5.0,Season Operations,0.667,"NWSL Week 4: Schedule, live stream, TV channel, how to watch OL Reign FC vs. Chicago Red Stars, more | Angel City's Alyssa Thompson at the forefront of change in U.S. women's soccer | Pride, Current hunt for first points of NWSL season"
2022-08-27,Saturday,6,5.0,Season Operations,0.5,"Portland Thorns vs. San Diego Wave FC, 3 Points to watch: Alex Morgan vs. Sophia Smith, full strength, fight at the top | Angel City FC not overlooking last-place NJ/NY Gotham FC | Portland Thorns blanked 2-0 by San Diego Wave, drop two spots in NWSL standings"
2022-06-07,Tuesday,6,5.0,Season Operations,0.667,"Orlando Pride place coach Amanda Cromwell, assistant on administrative leave | NWSL coaches placed on leave amid investigation for ‘alleged retaliation’ | Rose Lavelle and the freedom to be herself: How her OL Reign, USWNT form has taken off"
2016-07-22,Friday,6,5.0,Season Operations,0.5,NWSL Week 14 preview: Western NY try to claw back to relevance | This NWSL Season Has Been Nuts. Here’s How We Forecast The Finish. | Crystal Dunn Is Poised To Become The Next Star Of U.S. Women's Soccer
2024-06-08,Saturday,6,5.0,Season Operations,0.833,"Red Stars set NWSL attendance record but fall to Bay FC 2-1 at Wrigley Field | NJ/NY 2-1 Angel City (Jun 8, 2024) Game Analysis | Casey Stoney believes Wave's process will lead to real progress as they navigate NWSL season"
2023-10-23,Monday,6,5.0,Season Operations,0.5,"Krieger, Gotham top Courage, reach NWSL semis | NWSL playoffs hit final four as Gotham and Reign advance; Champions League group stage returns for Matchday 3 | Vlatko Andonovski on his return to NWSL with Kansas City Current: 'I will be expected to make brave decisions'"
2016-10-09,Sunday,6,5.0,"Championships, Draft & Expansion",0.667,Here’s what to watch for in the NWSL championship tonight | Washington Spirit loses NWSL championship on penalty kicks | Western New York Flash win NWSL title on penalties after 124th-minute equalizer
2022-06-29,Wednesday,6,5.0,Season Operations,0.833,Gotham FC's Onumonu on Nigerian dominance and being a 'veteran rookie' | United States women's soccer beat Colombia; World Cup qualifier on deck | Angel City FC acquires Sydney Leroux from Orlando
2018-01-28,Sunday,6,5.0,Season Operations,0.833,NWSL's Boston Breakers fold in advance of the 2018 season | NWSL confirms: Boston Breakers fold | NWSL leader says league is strong despite losing Boston Breakers
2019-02-20,Wednesday,6,5.0,Season Operations,0.667,Orlando Pride to open preseason play against the North Carolina Courage | NWSL loses A&E Networks as a major investor | NWSL and A+E Networks end partnership after two seasons
2019-04-13,Saturday,6,5.0,Season Operations,1.0,Washington Spirit opens new NWSL season with 2-0 win over Sky Blue FC | Ruth Bader Ginsburg thanks US women's soccer team for jersey | Orlando Pride Preview: New coach Marc Skinner confident team can handle World Cup absences
2017-10-15,Sunday,6,5.0,"Championships, Draft & Expansion",0.833,Portland Thorns FC win the 2017 NWSL Championship with team defense | Lindsey Horan's Goal Gives Portland The NWSL Championship | Briefly: Portland wins National Women's Soccer League title
2019-08-15,Thursday,6,5.0,Players & Rapinoe Coverage,0.667,U.S. women's soccer equal pay fight: What's the latest and what's next? | US women's soccer team walks out of mediation in fight for equal pay | North Carolina Courage and Europe's best club teams clash in ICC
2017-04-15,Saturday,6,5.0,Season Operations,1.0,Free kick: Reaction to the Dash's 2-0 win over Chicago Red Stars | Portland opens NWSL season with 2-0 win over Orlando | Orlando Pride fall 2-0 to Portland Thorns in NWSL opener
2017-04-13,Thursday,6,5.0,Season Operations,0.667,"NWSL embarks on its fifth season with new TV deal | NWSL embarks on its 5th season with new TV deal, new star | Marta won’t play in Orlando Pride season opener at Portland Saturday"
2019-12-19,Thursday,6,5.0,Season Operations,0.5,Washington Spirit sign Japanese national team forward Kumi Yokoyama | Lyon parent company acquires NWSL's Reign FC | Men With Money Continue to Fuck With Women's Soccer
2023-12-07,Thursday,6,5.0,Season Operations,1.0,"Teen Gisele Thompson, sister of Alyssa Thompson, signs three-year deal with Angel City | Adelphi women's soccer falls to Wasburn in NCAA Division II semifinals | Angel City signs Gisele Thompson, uniting her with sister Alyssa"
2023-02-08,Wednesday,6,5.0,Season Operations,0.833,"Portland Thorns announce 2023 regular season, Challenge Cup schedule | NWSL 2023 schedule: Regular season, Challenge Cup dates, times, how to watch, biggest matches and more | Angel City's 2023 season schedule released, includes 28 matches"
2022-06-13,Monday,6,5.0,Season Operations,0.833,"Thorns’ Olivia Moultrie, 16, becomes youngest goalscorer in NWSL history | Watch: Soccer phenom Olivia Moultrie, 16, becomes NWSL's youngest scorer | Angel City FC’s Christen Press has torn ACL, will miss rest of season"
2022-10-23,Sunday,9,5.0,Season Operations,0.444,"Thorns defeat Wave 2-1, head to NWSL championship match | NWSL playoffs: Portland Thorns get dramatic win over San Diego Wave | Rocky Rodriguez’s stunning volley helps send Thorns into NWSL final"
2021-10-20,Wednesday,6,5.0,Players & Rapinoe Coverage,0.833,NWSL to work with players' union on accountability demands | NWSL to work with players’ union on accountability demands | Former NWSL player Kaiya McCullough calls for accountability after widespread women's football abuse scandal
2024-06-29,Saturday,7,5.0,Season Operations,0.857,Reign enter rematch with Gotham FC in much different place than last fall’s title match | Angel City Football Club returns home to face the unbeaten Orlando Pride | KC Current top Houston Dash 2-0 and extend unbeaten run to an NWSL-record 17th straight
2023-06-23,Friday,7,5.0,Season Operations,0.571,"NWSL schedule, live stream, how to watch, TV channel: Thorns and Spirit headline top of table battle | NWSL Pride seek to regroup against Kansas City | OL Reign look to ride Wave to third clean sheet vs. San Diego this season"
2021-07-30,Friday,7,5.0,"Championships, Draft & Expansion",0.857,"U.S. Olympic women's soccer team reaches semifinals in thrilling win | NWSL TV schedule, live stream: What to know as Portland Thorns look to stay hot during Olympic stretch | NWSL picks, odds, July 31 Paramount+ streaming: Courage vs. Pride predictions, how to watch from soccer expert"
2021-05-23,Sunday,7,5.0,Season Operations,0.571,"Sydney Leroux, Alex Morgan power Orlando Pride to first regular-season win over North Carolina Courage | Chicago Red Stars 0, Gotham FC 0: Both sides miss opportunities to steal a win | Chicago Red Stars fans return to SeatGeek Stadium for the 1st time since a historic 2019 season: ‘You just can’t replicate the atmosphere of a home game’"
2023-08-27,Sunday,7,5.0,"Championships, Draft & Expansion",0.714,"LaBonta and Alozie trade goals as the Current and Dash play to a 1-1 tie in the NWSL | Portland Thorns vs. Washington Spirit score updates, live stream, odds, time, tv channel, how to watch online (8/27/23) | Portland Thorns star Sophia Smith leaves match vs. Washington Spirit with knee injury"
2023-05-26,Friday,7,5.0,"Championships, Draft & Expansion",0.429,"KC Current vs. Houston Dash odds, picks, how to watch, live stream, start time: May 26, 2023 NWSL predictions | Portland Thorns vs. San Diego Wave score updates, live stream, odds, time, tv channel, how to watch online (5/26/23) | OL Reign-Angel City FC outlook: Reign looking to bounce back after consecutive losses"
2020-10-17,Saturday,6,5.0,Season Operations,0.5,Orlando Pride eager to close season with win over North Carolina Courage | Orlando Pride rally to earn draw with North Carolina Courage | NWSL Fall Series: Orlando Pride storm back from three-goal deficit to draw North Carolina Courage
2024-06-24,Monday,7,5.0,"Championships, Draft & Expansion",0.571,"Lo'eau LaBonta scored twice as KC Current beat Portland Thorns and remain undefeated in NWSL | NWSL Power Rankings: K.C. Current still unbeaten, Giráldez's Spirit move up | NWSL roundup: Lo’eau LaBonta scores twice as Current defeat Thorns"
2023-12-31,Sunday,6,5.0,Season Operations,1.0,USWNT star Crystal Dunn joins Gotham FC | Crystal Dunn opens up on free agent process and deciding on Gotham FC: 'It felt really nice to take control' | Crystal Dunn to NJ/NY Gotham FC: First USWNT World Cup champion lands on new team in free agency period
2023-05-05,Friday,7,5.0,Season Operations,0.857,"NWSL schedule: 3 biggest matches to watch in Week 6 | Chicago Red Stars dismiss GM for a ‘lapse of judgement’ | Column: Wave teens Jaedyn Shaw, Melanie Barcenas put some kick into NWSL's youth surge"
2020-07-17,Friday,8,5.0,"Championships, Draft & Expansion",0.5,"After scoring just 2 goals in 4 games, the Chicago Red Stars hope to find their footing in the NWSL knockout round: ‘We are still trying to put the final pieces together offensively’ | Portland Thorns stun North Carolina Courage with 1-0 quarterfinals win | OL Reign back in action Saturday night as NWSL play heats up"
2020-10-09,Friday,6,5.0,Season Operations,0.833,"Orlando Pride vs. Houston Dash: TV channel, live stream, storylines for NWSL Fall Series | OL Reign vs. Portland Thorns FC: NWSL Fall Series, how to watch, live stream, TV info, start time, storylines | Orlando Pride captain Ashlyn Harris to miss Houston Dash match"
2020-05-02,Saturday,6,5.0,Players & Rapinoe Coverage,0.833,US Women's soccer suffers defeat in court over 'equal pay' lawsuit | Judge Rules Against US Women's Soccer Team In Equal Pay Case | Federal Judge Dismisses U.S. Women's Soccer Team's Equal Pay Claim
2024-04-20,Saturday,7,5.0,"Championships, Draft & Expansion",0.429,"Pride beat Wave 1-0 to remain undefeated in the NWSL | Maria Sánchez To San Diego Wave And More Trades As NWSL Window Closes | Where to watch Washington Spirit vs NJ/NY Gotham live stream: NWSL TV channel, how to watch online, start time"
2024-10-20,Sunday,7,5.0,Season Operations,0.571,"Gotham FC gives Kelley O’Hara memorable farewell: ‘It has been the greatest joy’ | With NWSL top seed already locked up, Pride upended at NJ/NY Gotham | NWSL roundup: Another record for Temwa Chawinga in Current's win"
2021-10-09,Saturday,7,5.0,Season Operations,0.714,"Heather O'Reilly Says Women's Soccer Hid Abuse Issues to Help NWSL Succeed | The NWSL is a symptom. U.S. Soccer is the problem | Soccer-U.S. women’s soccer hid issues for NWSL to succeed, says O’Reilly"
2020-07-13,Monday,8,5.0,Season Operations,0.75,"OL Reign vs. Portland Thorns: NWSL Challenge Cup live stream, how to watch, odds, storylines | La Liga Finales, Tiger Back on Tour, FA Cup Semis, MLS, NWSL and More to Watch | Washington Spirit's Andi Sullivan out for remainder of NWSL Challenge Cup after tearing meniscus"
2024-09-15,Sunday,5,4.0,"Championships, Draft & Expansion",0.8,"USWNT's Trinity Rodman scores incredible goal for Washington Spirit, follows it up with unique celebration | Creighton women's soccer takes down previously undefeated UMKC | Janine Beckie, Louisville rally for 2-1 win over Angel City"
2015-01-16,Friday,5,4.0,"Championships, Draft & Expansion",1.0,"Stanford players taken in women's soccer draft | Reign FC picks up pair of players, Seattle U.'s Verdoia goes to Boston in NWSL Draft | Santa Clara player taken 11th overall in women's soccer draft"
2016-04-15,Friday,5,4.0,Season Operations,0.8,"Orlando Pride star Alex Morgan is back from injury, ready to play in season opener | NWSL week 1 preview: Will a new coach make Portland a contender again? | When do NWSL players get paid?"
2017-10-19,Thursday,5,4.0,"Championships, Draft & Expansion",1.0,"USA vs. Korea Republic Women's Soccer: Date, Time, Live Stream for 2017 Friendly | Goal USA Podcast: USWNT star Mallory Pugh forging unprecedented path through NWSL | Christensen scores late to lift women's soccer at Saint Mary's"
2016-09-21,Wednesday,5,4.0,"Championships, Draft & Expansion",0.6,Spring Arbor Women's Soccer closes out non-conference slate with 4-0 win at Indiana Tech | Spring Arbor earns third straight No. 1 ranking in Women's Soccer Top 25 Poll | Hope women's soccer ties Alma 1-1 despite Elizabeth Perkins' 10th goal
2017-02-21,Tuesday,5,4.0,Season Operations,1.0,"NWSL announces season openers, first Lifetime game | FC Kansas City announces 2017 home opener against Boston Breakers | Dash to open 2017 season at home against Chicago Red Stars"
2016-07-10,Sunday,5,4.0,Players & Rapinoe Coverage,0.6,An NWSL match was played on a tiny pitch and USWNT stars were not happy | NWSL left embarrassed after match played on ridiculously narrow field | NWSL ridiculed after match is played on tiny pitch in baseball stadium
2016-08-22,Monday,5,4.0,Season Operations,0.8,"Spring Arbor Women's Soccer Season Preview: National champs set to defend title in 2016 | Orlando Pride Olympian Steph Catley out for season due to injuries | Crystal Dunn rejoins Washington Spirit, Canadian Olympians to return next week"
2016-08-30,Tuesday,5,4.0,Players & Rapinoe Coverage,0.4,Solo decides to end her season with NWSL's Seattle Reign | Solo Decides to End Her Season With NWSL's Seattle Reign
2016-06-17,Friday,5,4.0,"Championships, Draft & Expansion",0.6,"Orlando Pride driven to win, honor shooting victims | Women's soccer: US looks for gold and brings the drama | Women's Soccer: US Looks for Gold and Brings the Drama"
2017-05-07,Sunday,5,4.0,Season Operations,0.8,"Marta scores during Orlando Pride 1-1 draw at FC Kansas City | Colorado teenage soccer sensation Mallory Pugh weighs options: NWSL or Europe | Mallory Pugh, teenage soccer sensation, weighs options: NWSL or Europe"
2017-04-22,Saturday,5,4.0,Season Operations,1.0,Orlando to host NWSL championship game | Orlando City Stadium to host NWSL championship game | Orlando to host National Women's Soccer League championship in October
2022-08-05,Friday,5,4.0,"Championships, Draft & Expansion",0.8,"Racing Louisville vs. Washington Spirit how to watch, live stream: August 5, 2022 NWSL picks, predictions | Angel City's celebrity-backed ownership is taking a new approach to running a soccer club | Portland Thorns vs. North Carolina Courage score updates, live stream, odds, time, tv channel, how to watch online (8/5/22)"
2019-07-14,Sunday,5,4.0,Season Operations,0.6,"NWSL women's soccer: Where to watch, live stream Portland Thorns vs. Orlando Pride on Sunday | Proctor & Gamble Donates $529,000 to US Women's Soccer Team | The Portland Thorns, Orlando Pride game was just insane"
2014-10-23,Thursday,5,4.0,Season Operations,0.8,"WMU women's soccer hosts Bowling Green and Eastern Michigan | No. 22 Davenport, Cornerstone Women's Soccer play to double overtime draw | Kalamazoo College women's soccer defeats Adrian 3-0"
2021-11-09,Tuesday,5,4.0,Season Operations,0.8,"Dennis Rodman's Daughter Shocked He Showed Up To NWSL Game, We Barely Speak | Trinity Rodman Posts Heartfelt Instagram After Father Dennis Attends NWSL Game | San Diego NWSL new side to called Wave FC"
2019-11-01,Friday,5,4.0,Season Operations,0.6,"NWSL raises salaries, adds allocation money for 2020 season | League MVP Sam Kerr leaving NWSL to sign in Europe | NWSL clubs get more money to pay top players"
2019-11-13,Wednesday,5,4.0,Season Operations,0.6,"Sam Kerr leaves Chicago Red Stars for Chelsea | U.S. Women's Soccer Fucked Up | Sam Kerr, who had a record-setting season with the Chicago Red Stars, signs with Chelsea FC"
2024-02-27,Tuesday,5,4.0,Season Operations,1.0,Bay FC begins training at San Jose State with goal of ‘winning everything’ in inaugural NWSL season | Portland Thorns unveil 2024 ‘Forever Thorn’ and ‘Reflection’ kits | 2024 NWSL kit drop ratings: From Racing Louisville and Chicago Red Stars to Bay FC and everything inbetween
2022-05-08,Sunday,5,4.0,Season Operations,0.8,"What is the NWSL Challenge Cup? Explaining the 2022 season-opening soccer competition | NWSL schedule, standings, scores, top scorers and playoffs chase for 2022 soccer regular season | Tziarra King scores a brace as OL Reign settle for draw with Racing Louisville"
2022-09-25,Sunday,5,4.0,Season Operations,0.8,S. America sees record crowd for women's soccer | Portland Thorns beat Chicago Red Stars 3-0 in penultimate match of 2022 season | Angel City FC loses to Racing Louisville FC in last home game of inaugural season
2024-01-16,Tuesday,5,4.0,Season Operations,0.6,Mallory Swanson signs record contract to stay with Chicago Red Stars and become the NWSL’s highest-paid player | Mallory Swanson signs reported $2m contract with Chicago Red Stars | Chicago Red Stars sign national team star Mallory Swanson to record 5-year deal
2022-02-08,Tuesday,5,4.0,Season Operations,0.6,Ex-NWSL Coach Rory Dames Accused of Sexual Misconduct by Youth Soccer Players in 1998 | Report: Former NWSL coach accused of misconduct decades ago | Washington Spirit ownership fight settled as Steve Baldwin agrees to sell to Y. Michele Kang
2018-10-15,Monday,5,4.0,Season Operations,0.8,"UEFA raises women's soccer funding for member federations | Now that it has secured a World Cup berth, what's next for US women's soccer team? | Women's soccer star Sydney Leroux reveals painful details of miscarriage"
2024-05-25,Saturday,5,4.0,"Championships, Draft & Expansion",0.6,"Barbra Banda scores 2 goals as Orlando Pride win 8th straight, 2-1 over Portland | Bay FC stunned by quick goals in 2-0 loss to Gotham FC | NWSL-leading Pride win 8th in a row"
2014-08-20,Wednesday,5,4.0,Season Operations,0.6,US women's soccer tops Switzerland 4-1 in friendly | University of New Mexico cancels women's soccer match after hazing | University Of New Mexico Investigating Women's Soccer Team For Hazing
2013-08-06,Tuesday,5,4.0,Season Operations,0.8,UH women's soccer lose in OT to UTSA | Rice: women's soccer stomp UTSA 5-1 | Ark. St. women's soccer team reports for fall camp
2022-02-16,Wednesday,5,4.0,Season Operations,0.8,"Angel City Women's Soccer Team Adds Gabrielle Union, Christina Aguilera as New Partners in Investment Round | US women's soccer coach earned 28% of Berhalter's pay | US women's soccer coach earned 28% of men's coach's pay"
2020-09-10,Thursday,5,4.0,Season Operations,0.8,Yuki Nagasato joins Japanese men's team on loan from NWSL's Chicago Red Stars | Chicago Red Stars midfielder Yuki Nagasato joins a men’s team in Japan on loan from the NWSL | NWSL's Royals acquire Michele Vasconcelos in trade with Red Stars as Utah native heads home
2022-06-03,Friday,5,4.0,Season Operations,0.8,"Column: K.C.-bound San Diego Wave will try to build on rare road success | Boosted by a brace from Christine Sinclair, Portland Thorns dispatch Angel City FC, 3-0 | Angel City FC shut out again in Portland"
2018-02-21,Wednesday,5,4.0,Season Operations,0.6,Orlando Pride 2018 schedule features more home games late in season | Dash’s full 2018 schedule revealed by NWSL | The U.S. women's soccer team wishes their hockey playing counterparts good luck ahead of gold medal showdown
2017-09-28,Thursday,5,4.0,Season Operations,1.0,US Women's Team Gives Seed Money to Help Launch NWSL Union | US women's team gives seed money to help launch NWSL union | US women’s team gives seed money to help launch NWSL union
2014-01-03,Friday,5,4.0,Season Operations,0.8,"SOUTH BEND, Ind.: Waldrum resigns as Notre Dame women's soccer coach | Women's soccer league readying for second season | Washington Spirit acquires Yael Averbuch"
2014-04-13,Sunday,5,4.0,Season Operations,1.0,"Reign FC vs. Boston Breakers, live thread | Eye injury sidelines Wambach for NWSL opener | BUFFALO, N.Y.: Eye injury sidelines Wambach for NWSL opener"
2024-03-05,Tuesday,5,4.0,Season Operations,1.0,Orlando Pride set to sign Barbra Banda in landmark deal to bring high-scoring Zambian striker to NWSL | Zambia’s Barbra Banda Set To Join NWSL’s Orlando Pride | Zambia’s Barbra Banda Set To Join NWSL’s Orlando Pride: Reports
2021-11-14,Sunday,6,4.0,Season Operations,0.5,"GCU women's soccer team falls to USC in first round of NCAA Tournament | Red Stars head to NWSL championship with 2-0 win over Thorns | Washington, Chicago book NWSL final showdown"
2024-08-03,Saturday,8,4.0,"Championships, Draft & Expansion",0.75,Canada women's soccer team loses penalty shootout to Germany to end Olympic run marred by drone-spying scandal | Brazil beats France 1-0 and advances to the semifinals of Olympic women's soccer tournament | Spain beats Colombia 4-2 on penalties to reach the semifinals in Olympic women's soccer
2024-11-11,Monday,11,4.0,"Championships, Draft & Expansion",0.364,"The NWSL Championship won’t have an underdog. Plus, whose nickname is ‘Bagels’? | Gotham FC’s home playoff win exemplifies its ‘swell of momentum’ on and off the field | NWSL semifinalists, ranked: Orlando Pride lead the pack as Washington Spirit survive a scare vs. Bay FC"
2021-07-14,Wednesday,6,4.0,Players & Rapinoe Coverage,0.5,Orlando Pride welcomes new players as key starters recover from injury | Soccer-Former Man United Women’s boss Stoney named coach of NWSL team San Diego | Orlando Pride welcome new players as key starters recover from injury
2024-03-25,Monday,6,4.0,"Championships, Draft & Expansion",0.667,"2024 NWSL standings, schedule, results: Chicago and Kansas City table leaders; NJ/NY Gotham FC get first win | NWSL Power Rankings: KC has the look of a title contender | 7 things from women's soccer: A not-so Clásico; Bayern cruise; Man City win derby"
2024-12-23,Monday,6,4.0,Season Operations,0.667,"San Diego Wave hire former Arsenal coach Jonas Eidevall, sources say | Boston NWSL team signs White Stadium lease | Angel City FC signs Macey Hodge, the SEC Midfielder of the Year"
2024-09-30,Monday,8,4.0,Season Operations,0.5,"NWSL loses another legend as Christine Sinclair retires. Plus, can anyone stop Orlando? | Scottish Women's soccer: 2 months in with an active and exciting outlook | Clinton shines for Man United, Chelsea hit seven: Women's soccer weekly"
2016-08-19,Friday,6,4.0,Season Operations,0.5,Canada upsets Brazil for women's soccer bronze | Rio Olympics 2016: Bolt completes trifecta; women's soccer final today | Germany stops Sweden for women's soccer gold
2023-03-03,Friday,5,4.0,Players & Rapinoe Coverage,0.8,Washington Spirit sign youngest ever player to NWSL contract in 15-year-old Chloe Ricketts | Spirit make NWSL history by signing 15-year-old | Nick Perera resigns after one year as OL Reign general manager
2020-07-08,Wednesday,6,4.0,Season Operations,0.5,"Utah Royals FC vs OL Reign: NWSL Challenge Cup how to watch, live stream | Sky Blue FC vs Houston Dash: NWSL Challenge Cup live stream, how to watch | NWSL fans sent banners to Utah to show support from afar"
2014-08-27,Wednesday,6,4.0,Season Operations,0.667,"No NCAA sanctions on UNM women's soccer team | ALBUQUERQUE, N.M.: No NCAA sanctions on UNM women's soccer team | Reign’s Laura Harvey selected NWSL coach of the year"
2020-07-01,Wednesday,12,4.0,Season Operations,0.75,"Portland Thorns FC vs. Chicago Red Stars on CBS All-Access: NWSL Challenge Cup live stream, how to watch | Washington Spirit vs. North Carolina Courage on CBS All-Access: NWSL Challenge Cup live stream, how to watch | Casey Short and Julie Ertz of the Chicago Red Stars say ‘hard conversations’ about racial inequality led to emotional moment during the national anthem"
2023-05-02,Tuesday,5,4.0,Season Operations,0.8,Why did Kealia and J.J. Watt join Burnley's ownership group? NWSL and NFL star explain getting involved in Premier League | Angel City FC faces OL Reign again in Challenge Cup | REPORT: Australian Police Investigating Woman for Opposing Trans Inclusion in Women's Soccer
2023-04-14,Friday,5,4.0,Season Operations,0.6,"NWSL Week 3: Schedule, live stream, TV channel, start times, how to watch OL Reign FC vs. San Diego Wave FC | Gotham FC: A fighting mentality as a club of the future | Portland Thorns can’t capitalize on chances, settle for 1-1 draw with Houston"
2023-01-05,Thursday,7,4.0,"Championships, Draft & Expansion",0.714,"Portland Thorns trade midfielder Yazmeen Ryan, acquire draft picks and allocation money | Angel City acquires top pick in NWSL draft, reportedly will sign Alyssa Thompson | Angel City FC acquires No. 1 pick in NWSL Draft – might it be Alyssa Thompson?"
2022-08-14,Sunday,5,4.0,"Championships, Draft & Expansion",1.0,Orlando Pride prevail 1-0 at NWSL power San Diego Wave | NWSL scores: Kansas City Current on 10-game unbeaten streak; San Diego slip in the standings | OL Reign score season-high in goals to dispatch Gotham FC
2024-08-26,Monday,8,4.0,Players & Rapinoe Coverage,0.375,"NWSL releases new potential free agent list following historic new CBA with NWSL Players Association | Punches thrown between players during Rutgers-UMass women's soccer match | Seattle Reign retire Megan Rapinoe's jersey, beat North Carolina Courage 1-0 in stoppage time"
2023-07-10,Monday,8,4.0,Season Operations,0.5,Is U.S. women's soccer ready for its toughest test? Analyzing the World Cup roster | Elliott: 'We're building that chemistry.' U.S. women's soccer reinforces optimism heading into World Cup | Game Day: USA Women's soccer team enjoys World Cup send-off in San Jose
2024-09-27,Friday,8,4.0,Season Operations,0.875,Angel City FC falls to short-handed Washington | Portland Thorns and NWSL legend Christine Sinclair announces retirement: ‘Thank you will never be enough’ | Sinclair announces she'll retire at the end NWSL season
2023-03-12,Sunday,5,4.0,Season Operations,1.0,Utah Royals to return next season as NWSL's 13th team | Utah Royals to return to NWSL as expansion team in 2024 | Utah Royals to re-join NWSL in 2024 as new expansion team
2023-09-05,Tuesday,6,4.0,Season Operations,1.0,"Spanish women's soccer coach who called World Cup kissing scandal ""real nonsense"" gets fired | Coach of Spain's World Cup-winning women's soccer team is fired weeks after victory celebration kiss | Spain's women's soccer coach fired amid kiss controversy"
2022-09-09,Friday,4,3.0,Season Operations,0.75,"Coming off break, San Diego Wave can't afford to overlook Washington | Portland Thorns pummel Orlando Pride in 2-0 road victory, Crystal Dunn makes her season debut | Rose Lavelle and Megan Rapinoe return to help OL Reign to 2-2 draw vs. Red Stars"
2022-09-17,Saturday,4,3.0,"Championships, Draft & Expansion",0.5,"Portland Thorns vs. Kansas City Current, 3 Points to watch: shield implications, a defender out, a goals record | Spirit beats Gotham FC, has postseason hopes dashed a short while later"
2017-11-07,Tuesday,4,3.0,Season Operations,0.75,"UConn women's soccer coach retires after 37 years, 570 wins | Coach who led FC Kansas City to two NWSL championships is leaving team | MIAA champ Hope women's soccer draws NCAA tournament opener vs. Wis.-Whitewater"
2017-09-21,Thursday,4,3.0,Season Operations,0.5,"Orlando Pride coach Tom Sermanni expects international stars to step up in big game against Portland | Aquinas women's soccer grounds Pilots, 3-1"
2022-01-27,Thursday,4,3.0,Season Operations,0.75,"Now more than a glimmer, women's soccer team will be Minnesota Aurora FC | Andrea Pagnanelli Can See Gotham FC’s Future | USWNT star Lindsey Horan joins Lyon in loan transfer from Portland Thorns"
2017-08-22,Tuesday,4,3.0,"Championships, Draft & Expansion",0.75,Hope women's soccer picked to win MIAA title | Calvin women's soccer picked third in MIAA preseason poll | Albion installed among MIAA women's soccer favorites
2022-10-14,Friday,5,3.0,Season Operations,0.6,"USA Curling stands by CEO Jeff Plush despite NWSL abuse report | Tom Krasovic: Alex Morgan, Wave react to NWSL-abuse report on cusp of playoff match this weekend | Column: Alex Morgan, Wave react to NWSL-abuse report on cusp of playoff match this weekend"
2017-07-07,Friday,4,3.0,Season Operations,0.5,Why Is Women's Soccer so White? | Digest (July 7): Washington Spirit hosting 1st televised game of week
2013-08-09,Friday,4,3.0,"Championships, Draft & Expansion",0.5,"STILLWATER, Okla.: Okla. St. women's soccer teams picked 4 in Big 12 | Okla. St. women's soccer teams picked 4 in Big 12"
2013-10-02,Wednesday,4,3.0,"Championships, Draft & Expansion",0.75,UMBC women's soccer finding winning ways | Calvin women's soccer rolls to 6-0 win over Olivet | No. 7 Davenport women's soccer shuts out Siena Heights for eighth straight win
2013-10-30,Wednesday,4,3.0,Season Operations,0.75,"Stanford, Cal could meet in women's soccer NCAAs | Stanford advances to NCAA women's soccer final | Regional Digest: 9 From UHart Women's Soccer Team Honored"
2013-11-03,Sunday,4,3.0,"Championships, Draft & Expansion",0.5,"PV women's soccer advances to first SWAC title game | UMBC women's soccer downs Hartford, 2-0, in America East semifinal"
2014-01-15,Wednesday,4,3.0,Players & Rapinoe Coverage,1.0,US women's soccer to play Russia in Atlanta | U.S. women's soccer to play Russia in Atlanta | CHICAGO: US women's soccer to play Russia in Atlanta
2014-09-09,Tuesday,4,3.0,Season Operations,0.5,GVSU's Juane Odendaal earns GLIAC Women's Soccer Defensive Player of the Week honors | No. 7 Davenport Women's Soccer hosts Goshen Wednesday before hitting the road
2014-09-12,Friday,4,3.0,"Championships, Draft & Expansion",0.75,"Terps women's soccer team kicks off Big Ten competition with a win | Top-ranked GVSU women's soccer rallies past Southwest Minnesota State for 3-1 victory | Hope College roundup: Women's soccer wins in OT, men's soccer tops Grace Bible"
2014-09-17,Wednesday,4,3.0,Season Operations,0.75,"Calvin women's soccer falls to Saint Mary's 1-0 | Davenport Women's Soccer cruises by Saint Xavier | Albion, Kalamazoo play to draw in women's soccer"
2014-09-20,Saturday,4,3.0,"Championships, Draft & Expansion",0.5,Fourth-ranked GVSU women's soccer escapes with 3-2 win at Ferris State | Late goal give Aquinas women's soccer a victory
2014-10-04,Saturday,4,3.0,"Championships, Draft & Expansion",0.75,Albion continues winning ways in women's soccer | Two freshmen goals put Davenport Women's Soccer back on winning track | Cornerstone women's soccer scores early in each half to defeat Concordia 2-0
2014-10-14,Tuesday,4,3.0,Season Operations,1.0,"UNM women's soccer team to hold wine fundraiser | Muskegon Community College recap: Women's soccer wins out during weekend homestretch | Kansas State to end equestrian, add women's soccer"
2014-11-04,Tuesday,4,3.0,Season Operations,0.5,"Eleventh-ranked Lakers oust Ferris State, set up rematch with Michigan Tech in GLIAC Women's Soccer Tournament Semifinals | Albion, Olivet play to scoreless draw in women's soccer"
2014-11-06,Thursday,4,3.0,"Championships, Draft & Expansion",0.5,Aquinas women's soccer earns WHAC honors | Cornerstone women's soccer ties Aquinas; advances to WHAC Semifinals via penalty kicks
2013-09-24,Tuesday,4,3.0,Season Operations,0.5,"Texas A&M, UH seek NCAA women's soccer bids | Albion, Saint Mary's play to draw in women's soccer"
2020-11-18,Wednesday,4,3.0,Season Operations,0.75,NWSL announces plans for April Challenge Cup ahead of May 2021 season start | Orlando Pride to kick off 2021 NWSL season in mid-April | Reign set for 2021 return as NWSL announces framework for season
2021-09-16,Thursday,4,3.0,Players & Rapinoe Coverage,0.5,US women's soccer — in search of 'equal pay' with men for years — says offer to get same contract proposals as men akin to 'PR stunts' | NWSL Players Association becomes AFL-CIO affiliate
2019-11-18,Monday,4,3.0,Players & Rapinoe Coverage,1.0,Sky Blue FC To Play 2020 Matches At Red Bull Arena | Sky Blue FC to play 2020 NWSL season at Red Bull Arena | Sky Blue FC move to Red Bull Arena
2017-12-01,Friday,4,3.0,Season Operations,0.75,Williams College women's soccer team tops Hardin-Simmons to advance to NCAA Division III championship game | Spring Arbor Women's Soccer punches ticket to final four | Three Hope women's soccer players claim United Soccer Coaches all-region honors
2018-03-01,Thursday,4,3.0,"Championships, Draft & Expansion",0.75,"USA vs. Germany Women's Soccer: Date, Time, Live Stream for 2018 Friendly | USA Beats Germany in 2018 Women's Soccer Friendly Behind Megan Rapinoe Goal | Megan Rapinoe's goal lifts U.S. women's soccer team to win over Germany"
2018-08-21,Tuesday,4,3.0,"Championships, Draft & Expansion",0.5,Albion picked to finish fifth in MIAA women's soccer ace | Hope women's soccer places first in MIAA preseason coaches poll
2018-09-01,Saturday,4,3.0,"Championships, Draft & Expansion",0.75,UCSD women's soccer wins home opener as McManus eats pizza | Midfield lifts Albion to victory in women's soccer | Hope women's soccer tops IWU
2019-03-28,Thursday,4,3.0,Season Operations,1.0,Women's soccer gets another boost with huge crowd in Italy | Ex-Coach of Yale Women's Soccer Team Plans Guilty Plea in Admission Scandal | Women's Soccer Gets Another Boost With Huge Crowd in Italy
2019-04-02,Tuesday,4,3.0,Season Operations,0.75,U.S. women's soccer team: it's not just the money | U.S. women's soccer team: lawsuit not just about money | International Champions Cup for women's soccer teams coming to North Carolina
2019-06-20,Thursday,4,3.0,Players & Rapinoe Coverage,0.75,"The real reason the US women's soccer team isn't getting equal pay | Here's what happened the last time the US and Swedish women's soccer teams met | Portland Thorns vs. Utah Royals: Players to watch, how to watch live stream online"
2019-08-03,Saturday,4,3.0,Players & Rapinoe Coverage,0.75,"Equal pay push reverberates with fans attending U.S. women's soccer victory tour | Portland Thorns settle for disappointing 1-1 draw with Sky Blue FC in controversial game | Portland Thorns draw Sky Blue FC 1-1: Highlights, live updates recap"
2019-08-25,Sunday,4,3.0,Season Operations,0.5,"Portland Thorns coast to 3-0 victory over Chicago Red Stars | Portland Thorns fans join Timbers fans in protesting ban on ‘Iron Front’ symbol, political displays"
2019-09-11,Wednesday,4,3.0,"Championships, Draft & Expansion",0.5,"Australia star Sam Kerr at home in NWSL, but for how long? | Portland Thorns vs. North Carolina Courage: Live updates, how to watch live stream online"
2019-09-29,Sunday,4,3.0,Season Operations,0.75,"Detroit to get new women's soccer team in 2020 | Roundup: Williams College women's soccer moves into 1st place in NESCAC | Portland Thorns shut out on the road by Reign FC, 2-0"
2019-12-17,Tuesday,4,3.0,Players & Rapinoe Coverage,0.5,Carli Lloyd: Sporting News women's soccer Athlete of the Decade | Sporting News' women's soccer All-Decade team for the 2010s
2021-03-30,Tuesday,4,3.0,Season Operations,0.5,Ally joins NWSL as national sponsor | Houston Dash 2021 preseason preview: Challenge Cup holders embrace defending their victory
2020-01-22,Wednesday,4,3.0,"Championships, Draft & Expansion",0.75,"NC Courage ask fans to pick design for 2019 NWSL championship rings | Meet Sophia Smith, the 19-year-old phenom who’s the future of NWSL and the USWNT | Orlando Pride trade midfielder Dani Weatherholt to Reign FC"
2020-02-19,Wednesday,4,3.0,Season Operations,0.75,Washington Spirit to open 2020 NWSL season at Audi Field | Orlando Pride to open 2020 NWSL season at home against Sky Blue FC | NC Courage to open 2020 NWSL season home vs. Chicago Red Stars
2020-03-11,Wednesday,4,3.0,Season Operations,0.75,Women’s Soccer News: Takeaways From New NWSL TV Deal | NWSL soccer matches will stream on CBS All Access and Twitch | NWSL announces TV deal with CBS
2020-04-01,Wednesday,4,3.0,Season Operations,1.0,"Orlando Pride adds English midfielder Jade Moore to roster via transfer | Coronavirus: NWSL delays start of 2020 regular season over COVID-19 concerns | NWSL, CBS Sports enter multiyear media rights agreement starting in 2020"
2020-05-25,Monday,4,3.0,Season Operations,0.5,NWSL clubs to begin small group training | Orlando Pride host first small group training session after NWSL lifts restrictions
2020-06-09,Tuesday,4,3.0,Season Operations,0.75,"NWSL crafts Challenge Cup rules with players who are moms in mind | Orlando Pride unveil new white jersey honoring Lake Eola roots, supporters | NWSL Challenge Cup tournament standings: Preliminary round in Utah gets underway on June 27"
2020-08-31,Monday,4,3.0,Season Operations,0.5,Natalie Portman: US female 'A' listers and Reddit co-founder ready to disrupt football industry with Angel City | NC State women's soccer team won't play in fall
2020-10-03,Saturday,4,3.0,"Championships, Draft & Expansion",0.5,"Houston Dash vs. North Carolina Courage: NWSL Fall Series live stream TV channel, watch online, storylines | NWSL Fall Series: Sky Blue vs. Spirit score, takeaways, ratings as Kumi Yokoyama seals win for Washington"
2020-10-21,Wednesday,4,3.0,Players & Rapinoe Coverage,0.75,"Los Angeles' NWSL team officially has a name: Angel City FC | Video: Natalie Portman Announces Name for New Los Angeles Women's Soccer Team | NWSL's Los Angeles team is named Angel City FC; Billie Jean King, Candace Parker added to ownership group"
2014-11-10,Monday,4,3.0,Season Operations,0.75,"Local sports digest: Stanford, Cal make NCAA women's soccer tournament | WMU women's soccer falls in MAC Championship | Hope women's soccer draws Friday rematch with Wheaton in NCAA tourney"
2021-01-05,Tuesday,4,3.0,Season Operations,0.75,Orlando Pride signs defender Carrie Lawrence for 2021 season | U.S. Women's Soccer Star Alex Morgan Recovering After COVID-19 Diagnosis | U.S. women's soccer star Alex Morgan tests positive for COVID-19
2022-09-21,Wednesday,4,3.0,"Championships, Draft & Expansion",0.75,"Portland Thorns vs. Racing Louisville FC score updates, live stream, odds, time, tv channel, how to watch online (9/21/22) | Jess Fishlock, Megan Rapinoe team up for goal OL Reign needed to beat Gotham FC | Angel City FC holds off Washington, keeps playoff hopes alive"
2016-09-02,Friday,4,3.0,Season Operations,1.0,Ohai is finally one of NWSL's top forwards | SVSU women's soccer earns 1-0 season-opening victory | Return of Canadian Olympians bolsters first-place Washington Spirit
2015-06-30,Tuesday,4,3.0,Season Operations,0.5,"U.S. Women's Soccer Versus Germany, ESPN | Buh-Bye, ""Babe City"": How Sexist Coverage Of The U.S. Women's Soccer Team Is Dying"
2021-04-20,Tuesday,5,3.0,Season Operations,0.8,"NWSL Challenge Cup 2021: Week 3 schedule, live stream, TV channel as Gotham and Courage battle for top spot | U.S. beach volleyball, women's soccer excel in Rio | Orlando Pride welcomes back Alex Morgan, international players to face Washington Spirit"
2021-05-14,Friday,5,3.0,Season Operations,0.8,"Racing Louisville FC vs. Kansas City: 2021 NWSL regular season kicks off, how to watch online, tv, time, date | NWSL 2021 regular season: Schedule, live stream, TV, opening weekend kicks off with triple header | Gotham FC riding high on and off pitch entering NWSL opener"
2021-05-20,Thursday,5,3.0,Season Operations,0.4,"Julie Ertz will miss a large chunk of the Chicago Red Stars season with a right MCL sprain, but the U.S. national team is hopeful she will return in time for the Olympics | Chicago Red Stars Partner With Venuetize For Mobile Ticketing, Enhanced Gameday Experience For Fans"
2021-06-22,Tuesday,5,3.0,Season Operations,0.8,"Washington Spirit’s Yokoyama comes out as transgender | NWSL schedule: Live stream, how to watch Kansas City-Pride, Racing Louisville-Courage in midweek action | NWSL's Jessica McDonald blasts broadcast for misidentifying 'random Black kid' as her son"
2019-07-02,Tuesday,7,3.0,Season Operations,0.714,The sad truth about the eternal dominance of U.S. women's soccer | This Is Who's Moving On To The Finals After The USA Vs. England Women's Soccer Match | The NRCC posted a Colin Kaepernick interception GIF in a tweet cheering on the U.S. Women's soccer team
2024-03-21,Thursday,7,3.0,Season Operations,0.857,Houston Dash goalie coach fired for breach of 'anti-fraternization' policy | NWSL GK coach fired for player fraternization | How Angel City and San Diego Wave are setting the standard for NWSL fan bases
2023-11-04,Saturday,6,3.0,Season Operations,0.667,"Martina Voss-Tecklenburg is no longer coach of Germany's women's soccer team | Teenager Jaedyn Shaw is growing her game with San Diego Wave: 'I feel like a lot of it is just preparation' | Chelsea's Emma Hayes expected to become US women's soccer coach, AP source says"
2017-03-07,Tuesday,6,3.0,Season Operations,0.5,"Germany vs. England Women's Soccer: Date, Time and Live Stream for 2017 Friendly | England vs. Germany Women's Soccer: Score, Reaction for 2017 SheBelieves Cup | Orlando Pride sign two, waive Lisa DeVanna"
2023-06-10,Saturday,6,3.0,"Championships, Draft & Expansion",0.5,"Portland Thorns vs. Orlando Pride, 3 Points to watch: Scoring gap, home stretch, Sophia Smith’s resurgence | OL Reign earn measure of revenge against Current on Pride Night | Mary Alice Vignola's first goal can't rescue Angel City in loss to Washington"
2024-09-20,Friday,5,3.0,Season Operations,0.6,"Rocky Rodríguez, de Angel City FC: para ganar títulos, en un equipo debe haber confianza | Trinity Rodman leaves NWSL match in wheelchair before later returning to bench with ice pack on back | Bob Iger’s Angel City FC Purchase Has NWSL Insiders Predicting Even Bigger Paydays"
2015-09-14,Monday,5,3.0,Season Operations,0.8,"FCKC, Reign smash their way into NWSL final | MLS's Orlando City set to expand into NWSL for 2016 | Live: Washington, Seattle fight for last spot in NWSL final (FS1)"
2015-11-09,Monday,5,3.0,Season Operations,0.8,"Local sports digest: Four Bay Area schools make NCAA women's soccer tournament | Duquesne, West Virginia women's soccer teams paired up in NCAA's first round | UC women's soccer team earns NCAA bid"
2024-08-19,Monday,5,3.0,Season Operations,0.8,Landon Donovan on San Diego Wave gig: 'I don't worry about the next job' | Donovan: Learning curve 'steep' at NWSL's Wave | Jack Harlow Has Joined His Hometown Soccer Team As A Part Owner Of Racing Louisville FC
2024-08-12,Monday,6,3.0,Season Operations,1.0,"Angel City sign former Man U captain Katie Zelem | Looking to shore up midfield, Angel City signs Katie Zelem to multiyear deal | Angel City signs ex-United captain Katie Zelem"
2016-08-16,Tuesday,5,3.0,"Championships, Draft & Expansion",0.4,Germany will play Sweden for women's soccer Olympic gold | Sweden advances to Olympic gold medal game in women's soccer
2023-11-02,Thursday,5,3.0,Season Operations,0.4,"Becki Tweed sheds interim label, officially named Angel City head coach after NWSL playoff run | Angel City anuncia a Becki Tweed como su entrenadora"
2023-07-27,Thursday,5,3.0,Players & Rapinoe Coverage,0.8,Butler Women's Soccer Players Accuse Former Trainer of Sexual Assault in Lawsuit | Julie Foudy on the fight for equal pay in women's soccer | Former USWNT standout Abby Dahlkemper to make NWSL return after back injury
2016-10-19,Wednesday,5,3.0,"Championships, Draft & Expansion",0.6,"USA vs. Switzerland Women's Soccer: Time, TV Info and Live Stream for Friendly | USA vs. Switzerland Women's Soccer: Score and Twitter Reaction for 2016 Friendly | Calvin women's soccer claims conference win at Adrian"
2017-04-18,Tuesday,5,3.0,Season Operations,0.6,"Mallory Pugh is turning pro, but will she join the Washington Spirit? | Young Orlando Pride players high off season opener, eager to improve | Xavier women's soccer coach resigns for U.S. coaching position"
2023-05-21,Sunday,5,3.0,Season Operations,0.4,"Host Pride upend NWSL’s vaunted Washington | Portland Thorns break out of slump, decimate Chicago Red Stars 4-0"
2023-08-20,Sunday,5,3.0,"Championships, Draft & Expansion",0.6,"Portland Thorns vs. North Carolina Courage score updates, live stream, odds, time, tv channel, how to watch online (8/20/23) | Sophia Smith scores go-ahead goal as Portland edges North Carolina 2-1, takes over top spot in NWSL | Portland Thorns start home stretch with resilient win over North Carolina Courage"
2023-05-12,Friday,5,3.0,"Championships, Draft & Expansion",0.4,"Portland Thorns vs. Houston Dash score updates, live stream, odds, time, tv channel, how to watch online (5/12/23) | Dash beat Thorns 2-1, hand Portland its first loss in NWSL this year"
2021-05-06,Thursday,5,3.0,Players & Rapinoe Coverage,0.6,"Portland Thorns’ Olivia Moultrie, 15, files lawsuit for right to play in NWSL | 15-Year-Old Olivia Moultrie Files Lawsuit Against NWSL Over League's Age Limit | Olivia Moultrie, 15-year-old, sues NWSL over league age restrictions"
2024-01-23,Tuesday,7,3.0,Season Operations,0.714,"Chicago Red Stars hope to return to playoffs with new coach, Swanson signed to new deal | Why is Angel City overhauling its roster? The club explains investment in new players | Angel City adquiere a tica Raquel Rodríguez, procedente de Portland"
2015-07-03,Friday,4,3.0,Season Operations,1.0,"Why the U.S. has such an amazing women's soccer team | Women's Soccer stars Alex Morgan, Abby Wambach poised to score big on Madison Avenue | U.S. girls, women's soccer thriving — but pro team owner says media lagging"
2020-06-19,Friday,5,3.0,Season Operations,0.8,"NWSL announces one player has tested positive for COVID-19 ahead of Challenge Cup | NWSL player tests positive for coronavirus, but ‘no changes planned’ for Challenge Cup | Detroit City FC to host women's soccer league Stadium Showcase in July"
2015-09-02,Wednesday,4,3.0,Season Operations,1.0,Hope women's soccer blanks Cornerstone in opener | Kalamazoo College Women's Soccer falls in season opener | Calvin women's soccer drops season opener at Wheaton
2015-09-09,Wednesday,4,3.0,"Championships, Draft & Expansion",0.75,Calvin Women's Soccer Tops Trine 2-0 | Hope women's soccer tops Kalamazoo in MIAA showdown | WMU women's soccer ranked sixth in Great Lakes Region
2015-09-24,Thursday,4,3.0,"Championships, Draft & Expansion",0.5,"Hope women's soccer wins at Alma, now 9-0 on season | Calvin men's and women's soccer teams receive NSCAA Team Academic Award"
2015-10-08,Thursday,4,3.0,Season Operations,0.5,"Women's soccer sectionals, HSE Royals VS Fishers Tigers at HSE | Local sports digest: No. 6 Stanford beats Oregon State in women's soccer"
2016-02-09,Tuesday,4,3.0,Season Operations,1.0,Young U.S. women's soccer team to play Costa Rica in Olympic qualifying tournament | Carli Lloyd: U.S. women's soccer team isn't distracted by legal battle | Aquinas women's soccer signs Catholic Central's Margaret O'Neil
2016-02-21,Sunday,4,3.0,"Championships, Draft & Expansion",0.75,"USA vs. Canada Women's Soccer Score and Reaction | U.S. women's soccer wins fourth consecutive Olympic Qualifying Championship | USA vs. Canada Women's Soccer: 2016 Olympic Qualifying TV Info, Live Stream"
2016-07-15,Friday,4,3.0,Season Operations,1.0,NWSL Week 13 preview: Houston hope to break free of their slump | Orlando Pride prepare for challenging Red Stars | Kristen Edmonds emerges as key leader for Orlando Pride
2016-09-26,Monday,4,3.0,Season Operations,0.5,"NWSL Playoffs set: Portland, Washington, Chicago, Western New York | NWSL Week 19 in review: Thorns win the NWSL Shield"
2016-09-29,Thursday,4,3.0,Season Operations,0.5,"Red Stars face Spirit, and Thorns host Flash in NWSL semis | Likely hero lifts Kalamazoo College women's soccer"
2016-10-27,Thursday,4,3.0,"Championships, Draft & Expansion",0.5,Hope women's soccer rolls in Senior Day win vs. Saint Mary's | Calvin's Kailey Jo named to CoSIDA Academic All-District women's soccer team
2017-06-28,Wednesday,4,3.0,Players & Rapinoe Coverage,0.5,Dash defender Poliana named NWSL Player of the Week | Orlando Pride rally for 3-2 road win over Sky Blue FC
2015-06-08,Monday,4,3.0,Season Operations,0.75,"Nike U.S. Women's soccer ad features Providence Park, song by Canadian band (Video) | Biggest Moments in US Women's Soccer History | Brazil behind times when it comes to embracing women's soccer"
2022-11-12,Saturday,4,3.0,Season Operations,0.75,"Michigan State women's soccer nabs first NCAA tournament win since '08 | SLU women's soccer loses to Memphis, suffers abrupt elimination in NCAA Tournament | SLU women's soccer sees record-breaking season come to an end"
2021-03-09,Tuesday,4,3.0,Season Operations,1.0,"NWSL Challenge Cup TV schedule, new format explained: Houston Dash-Chicago Red Stars kick it off on April 9 | Orlando Pride open NWSL Challenge Cup against Louisville | OL Reign announces 2021 Challenge Cup schedule"
2013-02-09,Saturday,4,3.0,Season Operations,1.0,"Sermanni wins debut as US women's soccer coach | JACKSONVILLE, Fla.: Sermanni wins debut as US women's soccer coach | Sermanni Wins Debut as US Women's Soccer Coach"
2024-02-01,Thursday,4,3.0,Season Operations,0.75,"Asisat Oshoala leaves Barcelona for NWSL's Bay FC: 'I understand the challenge that I have ahead of me' | NWSL free-agent tracker: McCall Zerboni returns with NJ/NY Gotham, joining with superstar free agent class | Canadian midfielder Jessie Fleming acquired by the Portland Thorns from Chelsea"
2023-12-05,Tuesday,4,3.0,Season Operations,0.75,"Sounders’ reported purchase of OL Reign clears last major hurdle | Christine Sinclair's Canada career showcases the progress women's soccer has made, and where it needs to go | NCAA women's soccer championship score, result, highlights as FSU clobbers Stanford to win 2023 College Cup final"
2023-12-18,Monday,4,3.0,Season Operations,0.75,"Jonatan Giraldez confirms Barcelona exit, reportedly bound for Washington Spirit: Will his style fit in NWSL? | Maria Sanchez re-signs with Houston Dash in record-breaking $1.5 million deal as NWSL's highest-paid player | NWSL clubs on alert as Barcelona Women coach Giráldez says he will leave"
2024-05-19,Sunday,5,3.0,"Championships, Draft & Expansion",1.0,Williams passes Kerr as all-time NWSL goal scorer | Banda scores twice as Pride prevail at Seattle to stay atop NWSL | Gotham FC Forward Lynn Williams Becomes New NWSL All-Time Goal Scorer
2019-07-05,Friday,8,3.0,Season Operations,1.0,NWSL reaches television deal with ESPN for 14 games | World Cup final sees women's soccer join global sport big league | Lindsey Horan hopes World Cup successes boost NWSL
2016-09-10,Saturday,8,3.0,"Championships, Draft & Expansion",0.625,"Washington Spirit’s next goal: NWSL Shield | Scoring chances denied in Albion women's soccer loss | WMU Women's Soccer beats Loyola, 2-1"
2024-12-30,Monday,4,3.0,Season Operations,1.0,"Full Time’s 2024 soccer superlatives, plus a bold NWSL prediction for 2025 | Jonas Eidevall set to become San Diego Wave head coach on three-year deal | Portland Thorns and Meghan Klingenberg part ways"
