Image,Stadium,Team,Location,First MLS year in stadium,Capacity,Opened,Surface,Field dimensions,Coordinates,Roof type,Ref(s)
,Allianz Field,Minnesota United FC,"Saint Paul, Minnesota",2019,19400,2019,Grass,115 yd × 75 yd (105 m × 69 m),44°57′10″N 93°9′54″W﻿ / ﻿44.95278°N 93.16500°W,Open,[5]
,America First Field,Real Salt Lake,"Sandy, Utah",2008,20213,2008,Grass,120 yd × 75 yd (110 m × 69 m),40°34′59″N 111°53′35″W﻿ / ﻿40.582923°N 111.893156°W,Open,[6]
,Audi Field,D.C. United,"Washington, D.C.",2018,"20,000[7]",2018,Grass,115 yd × 75 yd (105 m × 69 m),38°52′6″N 77°0′44″W﻿ / ﻿38.86833°N 77.01222°W,Open,[8]
,Bank of America Stadium,Charlotte FC,"Charlotte, North Carolina",2022,"38,000 (74,867)",1996,FieldTurf,TBA,35°13′33″N 80°51′10″W﻿ / ﻿35.22583°N 80.85278°W,Open,[9]
,BC Place ‡,Vancouver Whitecaps FC,"Vancouver, British Columbia",2011,"22,120 (54,500)",1983,Polytan,117 yd × 75 yd (107 m × 69 m),49°16′36″N 123°6′43″W﻿ / ﻿49.27667°N 123.11194°W,Retractable,[10][11]
,BMO Field,Toronto FC,"Toronto, Ontario",2007,"45,000[note 1]",2007,Hybrid grass (SISGrass) [12],115 yd × 74 yd (105 m × 68 m),43°37′58″N 79°25′07″W﻿ / ﻿43.63278°N 79.41861°W,Open,[13]
,BMO Stadium,Los Angeles FC,"Los Angeles, California",2018,22000,2018,Grass,115 yd × 75 yd (105 m × 69 m),34°00′47″N 118°17′6″W﻿ / ﻿34.01306°N 118.28500°W,Open,[14]
,Dick's Sporting Goods Park,Colorado Rapids,"Commerce City, Colorado",2007,18061,2007,Grass,120 yd × 75 yd (110 m × 69 m),39°48′20″N 104°53′31″W﻿ / ﻿39.80556°N 104.89194°W,Open,[15]
,Dignity Health Sports Park,Los Angeles Galaxy,"Carson, California",2003,27000,2003,Grass,120 yd × 75 yd (110 m × 69 m),33°51′52″N 118°15′40″W﻿ / ﻿33.86444°N 118.26111°W,Open,[16]
,Energizer Park,St. Louis City SC,"St. Louis, Missouri",2023,22423,2022,Grass,114 yd × 74 yd (104 m × 68 m),38°37′51.7″N 90°12′39.3″W﻿ / ﻿38.631028°N 90.210917°W,Open,[17][18]
,Gillette Stadium,New England Revolution,"Foxborough, Massachusetts",2002,"20,000 (65,878)",2002,FieldTurf,115 yd × 75 yd (105 m × 69 m),42°05′27.40″N 71°15′51.64″W﻿ / ﻿42.0909444°N 71.2643444°W,Open,[19]
,Geodis Park,Nashville SC,"Nashville, Tennessee",2022,30000,2022,Grass,120 yd × 75 yd (110 m × 69 m),36°7′49″N 86°45′56″W﻿ / ﻿36.13028°N 86.76556°W,Open,
,Inter.co Stadium,Orlando City SC,"Orlando, Florida",2017,25500,2017,Grass,120 yd × 75 yd (110 m × 69 m),28°37′27.83″N 81°23′20.53″W﻿ / ﻿28.6243972°N 81.3890361°W,Open,[20]
,Lumen Field,Seattle Sounders FC,"Seattle, Washington",2009,"37,722 (68,740)",2002,FieldTurf,114 yd × 74 yd (104 m × 68 m),47°35′43″N 122°19′54″W﻿ / ﻿47.5952°N 122.3316°W,Open,[21][22]
,Mercedes-Benz Stadium ‡,Atlanta United FC,"Atlanta, Georgia",2017,"42,500 (71,000)",2017,FieldTurf,115 yd × 75 yd (105 m × 69 m),33°45′19.30″N 84°24′4.29″W﻿ / ﻿33.7553611°N 84.4011917°W,Retractable,[23]
,Nu Stadium,Inter Miami CF,"Miami, Florida",2026,26700,2026,Grass,120 yd × 75 yd (110 m × 69 m),25°46′36″N 80°14′16″W﻿ / ﻿25.7766°N 80.2378°W,Open,[24][25][26] [27]
,PayPal Park,San Jose Earthquakes,"San Jose, California",2015,18000,2015,SISGrass (hybrid),115 yd × 75 yd (105 m × 69 m),37°21′5″N 121°55′30″W﻿ / ﻿37.35139°N 121.92500°W,Open,[28]
,Providence Park,Portland Timbers,"Portland, Oregon",2011,25218,1926,FieldTurf,110 yd × 75 yd (101 m × 69 m),45°31′17″N 122°41′30″W﻿ / ﻿45.52139°N 122.69167°W,Open,[29][30]
,Q2 Stadium,Austin FC,"Austin, Texas",2021,20738,2021,Grass,115 yd × 75 yd (105 m × 69 m),30°23′17.54″N 97°43′11.51″W﻿ / ﻿30.3882056°N 97.7198639°W,Open,[31]
,Saputo Stadium,CF Montréal,"Montreal, Quebec",2012,19619,2008,Grass,120 yd × 77 yd (110 m × 70 m),45°33′47″N 73°33′9″W﻿ / ﻿45.56306°N 73.55250°W,Open,[32]
,ScottsMiracle-Gro Field,Columbus Crew,"Columbus, Ohio",2021,20371,2021,Grass,120 yd × 75 yd (110 m × 69 m),39°58′6.46″N 83°1′1.52″W﻿ / ﻿39.9684611°N 83.0170889°W,Open,[33]
,Shell Energy Stadium,Houston Dynamo FC,"Houston, Texas",2012,20656,2012,Grass,115 yd × 73 yd (105 m × 67 m),29°45.132′N 95°21.144′W﻿ / ﻿29.752200°N 95.352400°W,Open,[34][35][36]
,Snapdragon Stadium,San Diego FC,"San Diego, California",2025,35000,2022,Grass,110 yd × 70 yd (101 m × 64 m),32°47′04.0″N 117°7′22.2″W﻿ / ﻿32.784444°N 117.122833°W,Open,[37]
,Soldier Field,Chicago Fire FC,"Chicago, Illinois",1998,"24,955 (61,500)",1924,Grass,114 yd × 74 yd (104 m × 68 m),41°51′44″N 87°37′00″W﻿ / ﻿41.8623°N 87.6167°W,Open,[38]
,Sporting Park,Sporting Kansas City,"Kansas City, Kansas",2011,18467,2011,Grass,120 yd × 75 yd (110 m × 69 m),39°07′18″N 94°49′25″W﻿ / ﻿39.1218°N 94.8237°W,Open,[39]
,Sports Illustrated Stadium,New York Red Bulls,"Harrison, New Jersey",2010,25000,2010,Grass,120 yd × 75 yd (110 m × 69 m),40°44′12″N 74°9′1″W﻿ / ﻿40.73667°N 74.15028°W,Open,[40]
,Subaru Park,Philadelphia Union,"Chester, Pennsylvania",2010,18500,2010,Grass,120 yd × 75 yd (110 m × 69 m),39°49′56″N 75°22′44″W﻿ / ﻿39.83222°N 75.37889°W,Open,[41]
,Toyota Stadium,FC Dallas,"Frisco, Texas",2005,19096,2005,Grass,117 yd × 74 yd (107 m × 68 m),33°9′16″N 96°50′7″W﻿ / ﻿33.15444°N 96.83528°W,Open,[42][43]
,TQL Stadium,FC Cincinnati,"Cincinnati, Ohio",2021,26000,2021,Hybrid grass,110 yd × 75 yd (101 m × 69 m),39°06′41″N 84°31′20″W﻿ / ﻿39.11139°N 84.52222°W,Open,[44]
,Yankee Stadium,New York City FC,"The Bronx, New York",2015,"30,321 (47,309)",2009,Grass,110 yd × 70 yd (101 m × 64 m),40°49′45″N 73°55′35″W﻿ / ﻿40.82917°N 73.92639°W,Open,[45]
